Customer ID,Recency,Frequency,Monetary,AOV
12346,326,12,77556.46,6463.04
12347,2,8,5633.32,704.16
12348,75,5,2019.4,403.88
12349,19,4,4428.69,1107.17
12350,310,1,334.4,334.4
12351,375,1,300.93,300.93
12352,36,10,2849.84,284.98
12353,204,2,406.76,203.38
12354,232,1,1079.4,1079.4
12355,214,2,947.61,473.8
12356,23,6,6373.68,1062.28
12357,33,3,18287.66,6095.89
12358,2,5,3887.07,777.41
12359,58,10,8935.94,893.59
12360,52,8,4252.89,531.61
12361,287,4,511.25,127.81
12362,3,11,5356.23,486.93
12363,110,2,552.0,276.0
12364,8,4,1313.1,328.28
12365,291,2,641.38,320.69
12366,634,1,500.24,500.24
12367,4,1,168.9,168.9
12368,628,1,917.7,917.7
12369,413,3,1791.15,597.05
12370,51,7,4320.31,617.19
12371,45,5,4067.38,813.48
12372,72,3,1298.04,432.68
12373,311,3,1127.65,375.88
12374,25,4,2989.22,747.3
12375,11,2,457.5,228.75
12376,390,2,503.15,251.58
12377,315,4,3426.32,856.58
12378,130,2,5416.32,2708.16
12379,82,4,1620.22,405.06
12380,22,11,9676.3,879.66
12381,5,5,1845.31,369.06
12383,185,5,1850.56,370.11
12384,29,2,585.27,292.64
12385,379,1,1938.4,1938.4
12386,338,2,660.8,330.4
12387,415,1,143.94,143.94
12388,16,8,3901.11,487.64
12389,403,3,1433.33,477.78
12390,80,1,549.84,549.84
12391,22,6,2773.42,462.24
12392,591,1,234.75,234.75
12393,72,6,2399.45,399.91
12394,64,2,1272.48,636.24
12395,19,15,5067.27,337.82
12396,674,1,931.43,931.43
12397,36,2,2409.9,1204.95
12398,46,1,1635.66,1635.66
12399,119,7,1962.3,280.33
12400,414,1,205.25,205.25
12401,303,1,84.3,84.3
12402,323,6,1256.9,209.48
12403,50,2,1019.36,509.68
12404,682,1,63.24,63.24
12405,149,1,1710.39,1710.39
12406,22,5,6390.36,1278.07
12407,50,5,1708.12,341.62
12408,33,8,4340.77,542.6
12409,79,7,23419.29,3345.61
12410,309,3,1013.71,337.9
12411,410,1,346.9,346.9
12412,75,6,2596.93,432.82
12413,67,4,999.45,249.86
12414,217,6,952.41,158.73
12415,24,28,144458.37,5159.23
12416,657,1,202.56,202.56
12417,3,20,6816.91,340.85
12418,113,4,2021.2,505.3
12419,386,2,503.01,251.5
12420,64,1,600.39,600.39
12421,16,6,1098.6,183.1
12422,96,17,5231.8,307.75
12423,1,10,2622.39,262.24
12424,163,4,3340.03,835.01
12425,78,2,1741.41,870.7
12426,195,2,1345.21,672.6
12427,22,3,1129.3,376.43
12428,26,9,7956.46,884.05
12429,9,8,7485.91,935.74
12430,43,1,256.4,256.4
12431,36,27,10857.97,402.15
12432,43,5,5059.32,1011.86
12433,1,10,20581.26,2058.13
12434,85,3,1103.43,367.81
12435,80,6,13925.93,2320.99
12436,100,1,509.01,509.01
12437,2,39,12683.4,325.22
12438,14,2,2906.85,1453.42
12439,683,2,1158.18,579.09
12440,462,2,859.2,429.6
12441,367,1,347.1,347.1
12442,3,1,172.06,172.06
12443,732,1,485.31,485.31
12444,21,5,5005.46,1001.09
12445,22,2,434.98,217.49
12446,58,1,1002.31,1002.31
12447,243,1,476.49,476.49
12448,44,1,449.45,449.45
12449,22,6,4835.89,805.98
12450,156,5,688.2,137.64
12451,11,8,12669.88,1583.74
12452,17,2,430.57,215.28
12453,134,1,707.09,707.09
12454,56,5,16679.78,3335.96
12455,73,10,5879.95,588.0
12456,44,3,3181.04,1060.35
12457,66,8,2995.91,374.49
12458,71,4,1777.49,444.37
12459,605,1,454.36,454.36
12460,456,1,326.65,326.65
12461,94,2,826.88,413.44
12462,19,2,1189.59,594.79
12463,53,4,1344.78,336.2
12464,10,8,1212.05,151.51
12465,17,2,742.19,371.1
12466,682,1,56.73,56.73
12467,423,1,132.8,132.8
12468,188,5,3670.74,734.15
12469,523,2,3070.54,1535.27
12470,690,1,211.95,211.95
12471,2,79,39963.79,505.87
12472,32,19,17880.59,941.08
12473,29,5,3938.55,787.71
12474,17,31,12424.45,400.79
12475,54,2,1149.64,574.82
12476,16,23,14115.41,613.71
12477,23,9,20276.37,2252.93
12478,4,1,680.99,680.99
12479,11,1,527.2,527.2
12480,28,7,5464.85,780.69
12481,23,15,12361.39,824.09
12482,576,29,23691.4,816.94
12483,17,19,5120.58,269.5
12484,33,12,6370.15,530.85
12485,529,1,708.1,708.1
12486,432,1,1037.28,1037.28
12487,731,1,285.3,285.3
12488,10,3,1298.66,432.89
12489,336,1,334.93,334.93
12490,5,21,9823.64,467.79
12491,39,1,460.4,460.4
12492,63,3,715.21,238.4
12493,166,2,433.74,216.87
12494,16,9,1872.87,208.1
12495,641,1,357.4,357.4
12496,620,2,54.09,27.04
12497,82,3,6248.5,2082.83
12498,21,3,403.7,134.57
12499,560,1,393.72,393.72
12500,23,19,5955.21,313.43
12501,337,1,2169.39,2169.39
12502,96,5,3723.87,744.77
12503,584,1,1126.0,1126.0
12504,18,4,779.05,194.76
12505,409,1,955.2,955.2
12506,233,1,73.5,73.5
12507,134,4,1844.06,461.02
12508,26,2,398.27,199.14
12509,284,1,176.5,176.5
12510,143,9,5178.02,575.34
12511,429,1,3084.02,3084.02
12512,66,2,138.03,69.02
12513,113,1,612.29,612.29
12514,267,2,1597.76,798.88
12515,353,1,383.7,383.7
12516,78,4,2648.62,662.16
12517,28,5,2502.84,500.57
12518,1,5,2056.89,411.38
12519,64,2,726.54,363.27
12520,79,5,2634.26,526.85
12521,143,1,599.68,599.68
12522,39,2,192.72,96.36
12523,19,23,4372.15,190.09
12524,9,17,11126.11,654.48
12525,498,3,973.73,324.58
12526,1,3,1316.66,438.89
12527,82,5,735.51,147.1
12528,9,6,1933.48,322.25
12529,528,1,316.48,316.48
12530,60,9,3759.26,417.7
12531,15,2,1933.2,966.6
12532,30,1,349.83,349.83
12533,628,2,1367.89,683.94
12534,131,1,1089.18,1089.18
12535,92,2,716.35,358.18
12536,43,3,12601.83,4200.61
12537,409,1,732.94,732.94
12538,29,2,640.45,320.23
12539,22,7,11214.75,1602.11
12540,20,33,22254.49,674.38
12541,30,3,981.18,327.06
12542,484,2,481.88,240.94
12543,448,1,980.25,980.25
12544,36,1,372.7,372.7
12545,75,2,1000.39,500.2
12546,47,2,1161.5,580.75
12547,198,3,383.58,127.86
12548,166,1,95.2,95.2
12549,576,6,1575.68,262.61
12550,79,1,964.83,964.83
12551,358,1,168.0,168.0
12552,39,2,437.82,218.91
12553,8,12,4608.75,384.06
12554,449,1,468.5,468.5
12555,682,1,129.23,129.23
12556,50,2,603.71,301.86
12557,16,8,18716.14,2339.52
12558,8,1,269.96,269.96
12559,311,2,561.71,280.86
12560,5,3,2134.01,711.34
12561,303,1,238.85,238.85
12562,8,9,4966.92,551.88
12563,409,1,249.24,249.24
12564,261,1,456.9,456.9
12565,289,1,145.92,145.92
12566,86,1,351.65,351.65
12567,23,15,13709.86,913.99
12568,645,1,70.0,70.0
12569,2,32,4124.69,128.9
12570,682,1,77.52,77.52
12571,40,2,519.61,259.8
12572,9,2,1020.42,510.21
12573,227,5,717.41,143.48
12574,316,1,218.45,218.45
12575,457,2,622.82,311.41
12576,36,8,2142.72,267.84
12577,35,8,1653.75,206.72
12578,21,4,4642.45,1160.61
12579,78,1,440.42,440.42
12580,247,2,1052.9,526.45
12581,40,1,197.71,197.71
12582,239,4,1980.4,495.1
12583,3,27,14447.44,535.09
12584,4,9,2338.15,259.79
12585,234,2,2040.1,1020.05
12586,17,4,2062.67,515.67
12587,8,1,144.0,144.0
12588,39,4,958.78,239.7
12589,29,8,4695.66,586.96
12590,211,2,9864.26,4932.13
12591,317,3,1352.15,450.72
12592,92,5,2582.66,516.53
12593,109,3,418.1,139.37
12594,38,15,5090.11,339.34
12595,505,1,299.02,299.02
12596,51,2,618.27,309.14
12597,19,4,3811.22,952.8
12598,10,11,4534.09,412.19
12599,29,13,2296.72,176.67
12600,29,21,5043.92,240.19
12601,190,6,681.26,113.54
12602,59,1,153.12,153.12
12603,22,1,739.2,739.2
12604,79,2,254.18,127.09
12605,376,4,1232.95,308.24
12606,682,1,21.0,21.0
12607,60,1,1579.51,1579.51
12608,405,1,415.79,415.79
12609,78,9,3435.86,381.76
12610,23,5,2099.54,419.91
12611,52,1,1193.32,1193.32
12612,74,1,704.04,704.04
12613,57,10,6835.07,683.51
12614,278,1,315.6,315.6
12615,2,8,5740.98,717.62
12616,95,3,1131.1,377.03
12617,29,1,355.53,355.53
12618,22,1,177.31,177.31
12619,16,10,3781.38,378.14
12620,15,3,1339.41,446.47
12621,2,35,24775.81,707.88
12622,232,1,180.1,180.1
12623,276,7,3747.84,535.41
12624,106,2,641.13,320.56
12625,212,4,5164.88,1291.22
12626,23,9,6620.48,735.61
12627,11,7,4478.53,639.79
12628,4,3,786.46,262.15
12629,386,2,1558.22,779.11
12630,10,2,1270.88,635.44
12631,57,6,3481.57,580.26
12632,521,2,804.88,402.44
12633,59,7,5678.16,811.17
12634,536,2,490.0,245.0
12635,90,4,2930.41,732.6
12636,739,1,141.0,141.0
12637,67,12,8340.31,695.03
12638,33,2,921.49,460.74
12639,239,3,1312.37,437.46
12640,24,3,1174.58,391.53
12641,115,1,185.9,185.9
12642,25,3,1013.26,337.75
12643,128,12,8350.42,695.87
12644,130,4,1918.49,479.62
12645,34,8,3539.3,442.41
12646,5,2,1346.97,673.48
12647,22,36,17924.35,497.9
12648,155,4,1112.0,278.0
12649,107,8,2294.65,286.83
12650,3,1,314.44,314.44
12651,335,4,377.75,94.44
12652,331,2,1017.03,508.52
12653,149,3,4160.83,1386.94
12654,11,5,601.98,120.4
12655,424,1,261.35,261.35
12656,17,8,6407.83,800.98
12657,11,4,1643.18,410.8
12658,19,1,686.05,686.05
12659,30,1,91.68,91.68
12660,11,1,245.1,245.1
12661,436,1,162.0,162.0
12662,1,20,6988.02,349.4
12663,625,2,239.4,119.7
12664,8,11,6070.04,551.82
12665,325,3,313.6,104.53
12666,394,1,1248.42,1248.42
12667,58,1,620.13,620.13
12668,12,10,11444.68,1144.47
12669,151,3,2744.03,914.68
12670,10,7,3760.29,537.18
12671,606,1,2622.48,2622.48
12672,330,2,437.05,218.52
12673,5,3,1230.02,410.01
12674,39,4,1970.6,492.65
12675,554,2,958.5,479.25
12676,25,11,2843.09,258.46
12677,555,2,395.1,197.55
12678,42,21,34281.18,1632.44
12679,59,4,1113.02,278.26
12680,1,4,880.81,220.2
12681,15,45,30868.28,685.96
12682,4,52,24033.91,462.19
12683,4,21,12696.78,604.61
12684,8,7,2283.63,326.23
12685,28,6,2863.08,477.18
12686,372,1,178.28,178.28
12687,481,2,2138.91,1069.46
12688,114,1,4873.81,4873.81
12689,26,2,1247.61,623.8
12690,206,1,389.01,389.01
12691,28,7,1170.4,167.2
12692,637,1,110.95,110.95
12693,127,7,1703.02,243.29
12694,70,3,1843.35,614.45
12695,7,7,1407.12,201.02
12696,435,2,851.91,425.96
12697,29,3,957.59,319.2
12698,590,1,339.75,339.75
12699,418,1,638.11,638.11
12700,8,4,4939.99,1235.0
12701,80,6,2446.41,407.73
12702,20,1,219.0,219.0
12703,71,4,1006.53,251.63
12704,7,8,2340.84,292.6
12705,15,14,11762.1,840.15
12707,292,1,603.42,603.42
12708,30,18,5314.1,295.23
12709,15,34,31093.34,914.51
12710,97,3,1149.02,383.01
12711,612,2,1339.05,669.52
12712,29,21,7193.66,342.56
12713,1,1,848.55,848.55
12714,9,12,14093.71,1174.48
12715,106,1,353.86,353.86
12716,4,2,1053.49,526.74
12717,151,3,1308.91,436.3
12718,71,1,238.25,238.25
12719,5,2,644.95,322.48
12720,3,30,8260.67,275.36
12721,32,8,4013.08,501.64
12722,85,4,997.63,249.41
12723,4,5,725.07,145.01
12724,5,7,2317.52,331.07
12725,371,4,2694.56,673.64
12726,28,11,4014.6,364.96
12727,11,10,5679.53,567.95
12728,71,5,1070.17,214.03
12729,114,1,453.01,453.01
12730,522,1,829.25,829.25
12731,24,17,25775.71,1516.22
12732,180,1,236.26,236.26
12733,234,4,2424.87,606.22
12734,353,3,639.65,213.22
12735,315,2,779.57,389.78
12736,333,1,234.0,234.0
12737,499,2,3710.5,1855.25
12738,372,1,310.7,310.7
12739,78,4,2726.73,681.68
12740,64,1,427.6,427.6
12741,529,2,406.07,203.04
12742,626,1,1201.52,1201.52
12743,134,2,546.43,273.21
12744,52,11,25317.06,2301.55
12745,487,3,925.41,308.47
12746,541,1,254.55,254.55
12747,2,26,9276.54,356.79
12748,1,336,56599.39,168.45
12749,4,9,6897.36,766.37
12750,129,1,275.88,275.88
12751,445,1,268.27,268.27
12752,81,1,4366.78,4366.78
12753,23,6,21429.39,3571.56
12754,236,3,3010.74,1003.58
12755,281,11,9030.66,820.97
12756,87,1,112.08,112.08
12757,16,13,7857.1,604.39
12758,117,7,9903.24,1414.75
12759,52,8,5020.74,627.59
12760,456,1,347.8,347.8
12761,458,2,782.95,391.48
12762,8,2,1898.52,949.26
12763,138,2,814.16,407.08
12764,317,1,1693.88,1693.88
12765,472,6,1404.58,234.1
12766,4,9,10068.28,1118.7
12767,376,1,949.82,949.82
12768,451,1,168.69,168.69
12769,239,1,1143.6,1143.6
12770,211,2,3246.45,1623.22
12771,486,1,282.3,282.3
12772,60,1,892.47,892.47
12773,564,1,124.25,124.25
12774,536,1,98.7,98.7
12775,17,7,1686.12,240.87
12776,668,1,55.5,55.5
12777,458,1,519.45,519.45
12778,20,9,1775.68,197.3
12779,38,14,6722.27,480.16
12780,599,1,337.4,337.4
12781,64,2,826.74,413.37
12782,5,11,4618.24,419.84
12783,2,6,2225.91,370.98
12784,9,3,1804.75,601.58
12785,364,3,1100.4,366.8
12786,610,1,728.5,728.5
12787,10,4,862.18,215.54
12788,463,4,444.9,111.22
12789,65,3,273.35,91.12
12790,192,2,591.85,295.92
12791,374,6,1056.11,176.02
12792,257,2,827.01,413.5
12793,335,3,1017.33,339.11
12794,53,2,860.41,430.2
12795,19,1,430.48,430.48
12796,628,1,381.0,381.0
12797,366,2,806.11,403.06
12798,10,4,8510.93,2127.73
12799,529,1,219.35,219.35
12800,470,3,584.25,194.75
12801,501,1,1071.82,1071.82
12802,187,7,2416.42,345.2
12803,393,1,1092.81,1092.81
12804,466,2,327.02,163.51
12805,382,4,1434.95,358.74
12806,435,4,2878.96,719.74
12807,383,1,330.35,330.35
12808,37,5,906.1,181.22
12809,178,3,1755.94,585.31
12810,535,2,534.99,267.5
12811,261,5,1033.9,206.78
12812,45,1,229.64,229.64
12813,502,3,1687.8,562.6
12814,102,1,125.92,125.92
12815,148,2,1063.46,531.73
12816,96,2,572.2,286.1
12817,281,3,690.98,230.33
12818,262,1,1542.08,1542.08
12819,458,1,540.52,540.52
12820,3,11,2689.52,244.5
12821,214,2,220.8,110.4
12822,71,2,948.88,474.44
12823,75,18,6501.5,361.19
12824,60,1,397.12,397.12
12825,521,2,518.63,259.32
12826,3,12,2955.75,246.31
12827,6,3,430.15,143.38
12828,3,6,1018.71,169.78
12829,337,3,385.3,128.43
12830,38,6,6814.64,1135.77
12831,262,3,451.11,150.37
12832,32,2,383.03,191.52
12833,145,1,417.38,417.38
12834,283,1,312.38,312.38
12835,428,41,6043.31,147.4
12836,59,15,6585.62,439.04
12837,173,2,688.41,344.2
12838,34,10,3398.48,339.85
12839,3,26,10071.73,387.37
12840,144,7,4041.97,577.42
12841,5,40,7540.68,188.52
12842,70,4,1917.99,479.5
12843,66,30,6588.41,219.61
12844,29,4,648.6,162.15
12845,267,4,354.09,88.52
12846,682,1,15.58,15.58
12847,22,2,1636.9,818.45
12848,676,1,208.0,208.0
12849,31,6,3090.56,515.09
12850,446,1,330.0,330.0
12851,97,2,284.13,142.06
12852,295,1,311.55,311.55
12853,135,11,3907.5,355.23
12854,79,7,2994.02,427.72
12855,373,4,650.94,162.73
12856,8,6,2179.93,363.32
12857,211,6,3688.0,614.67
12858,383,1,177.92,177.92
12859,459,1,575.1,575.1
12860,693,1,55.47,55.47
12861,620,1,68.25,68.25
12862,426,2,1008.32,504.16
12863,52,6,2792.55,465.42
12864,138,2,299.57,149.78
12865,26,4,3323.47,830.87
12866,283,3,1227.35,409.12
12867,26,13,7913.29,608.71
12868,186,8,2247.06,280.88
12869,682,1,337.67,337.67
12870,375,3,1676.95,558.98
12871,84,3,744.02,248.01
12872,327,12,3685.49,307.12
12873,282,3,2027.3,675.77
12874,385,2,948.42,474.21
12875,143,5,1356.99,271.4
12876,58,4,4081.79,1020.45
12877,4,20,2955.17,147.76
12878,236,2,854.99,427.5
12879,45,3,573.22,191.07
12880,382,2,640.13,320.06
12881,276,1,298.0,298.0
12882,9,2,1463.04,731.52
12883,25,4,703.47,175.87
12884,88,1,309.05,309.05
12885,63,3,1175.22,391.74
12886,68,2,1378.4,689.2
12887,384,1,222.4,222.4
12888,214,2,354.12,177.06
12889,381,4,385.46,96.36
12890,24,2,717.27,358.64
12891,186,11,840.5,76.41
12892,397,1,263.38,263.38
12893,31,1,188.14,188.14
12894,575,1,157.35,157.35
12895,42,2,372.8,186.4
12897,205,4,514.25,128.56
12898,464,2,310.96,155.48
12899,414,1,366.4,366.4
12900,422,1,340.33,340.33
12901,9,28,17654.54,630.52
12902,265,1,138.68,138.68
12903,429,1,833.53,833.53
12904,18,2,509.58,254.79
12905,577,2,1018.42,509.21
12906,12,5,2919.81,583.96
12907,396,2,508.91,254.46
12908,176,5,1776.0,355.2
12909,40,8,3103.19,387.9
12910,23,13,5796.52,445.89
12911,552,1,1680.47,1680.47
12912,3,5,1662.3,332.46
12913,5,13,6700.86,515.45
12914,401,1,223.98,223.98
12915,149,4,1174.75,293.69
12916,139,7,4654.02,664.86
12917,128,6,4359.2,726.53
12918,626,1,10953.5,10953.5
12919,8,6,1335.19,222.53
12920,17,4,488.09,122.02
12921,9,74,35921.04,485.42
12922,161,1,405.38,405.38
12923,64,3,789.87,263.29
12924,88,12,2469.4,205.78
12925,5,3,729.33,243.11
12926,411,4,1548.46,387.12
12927,395,1,197.31,197.31
12928,35,12,4304.89,358.74
12929,312,1,117.85,117.85
12930,78,2,415.8,207.9
12931,22,57,92347.34,1620.13
12932,539,8,1698.56,212.32
12933,24,8,1687.03,210.88
12934,737,1,181.65,181.65
12935,2,15,4243.86,282.92
12936,17,4,1063.9,265.98
12937,15,9,3097.61,344.18
12938,26,1,114.14,114.14
12939,64,20,25264.8,1263.24
12940,55,2,913.54,456.77
12941,724,1,377.49,377.49
12942,131,3,942.65,314.22
12943,558,2,496.5,248.25
12944,36,2,604.51,302.26
12945,288,2,900.11,450.06
12946,437,1,324.45,324.45
12947,144,6,1908.03,318.0
12948,16,9,2317.43,257.49
12949,31,22,15526.7,705.76
12950,2,3,1843.0,614.33
12951,9,15,3213.72,214.25
12952,6,4,1387.79,346.95
12953,10,2,828.81,414.4
12954,639,1,162.45,162.45
12955,1,11,4757.16,432.47
12956,306,4,521.89,130.47
12957,10,13,8706.97,669.77
12958,400,2,539.49,269.74
12959,484,1,150.95,150.95
12960,414,4,1322.07,330.52
12961,379,1,211.99,211.99
12962,7,2,266.39,133.2
12963,8,12,3601.59,300.13
12964,437,1,132.24,132.24
12965,89,1,771.91,771.91
12966,10,1,160.18,160.18
12967,358,3,4306.92,1435.64
12968,112,1,135.95,135.95
12969,603,1,122.45,122.45
12970,7,10,1524.97,152.5
12971,4,116,15972.79,137.7
12972,414,4,1161.2,290.3
12973,414,1,385.55,385.55
12974,198,2,408.95,204.48
12975,437,6,2100.09,350.02
12976,212,8,3156.38,394.55
12977,156,4,517.63,129.41
12978,385,5,2502.82,500.56
12979,729,1,517.7,517.7
12980,158,21,16245.78,773.61
12981,30,2,372.22,186.11
12982,243,8,2744.81,343.1
12983,598,1,490.08,490.08
12984,19,1,97.5,97.5
12985,1,2,1239.38,619.69
12986,429,10,2729.84,272.98
12987,74,5,1312.21,262.44
12988,292,1,535.32,535.32
12989,3,33,13551.75,410.66
12990,31,7,955.5,136.5
12991,23,3,764.82,254.94
12992,725,1,93.35,93.35
12993,23,8,1259.63,157.45
12994,4,3,974.42,324.81
12995,85,1,211.32,211.32
12996,376,1,355.5,355.5
12997,22,8,2110.91,263.86
12998,493,3,920.08,306.69
12999,196,3,455.88,151.96
13000,107,4,1032.5,258.12
13001,4,33,24172.1,732.49
13002,318,3,414.13,138.04
13003,106,3,149.05,49.68
13004,12,36,11650.85,323.63
13005,174,4,999.68,249.92
13006,56,1,81.57,81.57
13007,580,1,175.25,175.25
13008,323,3,612.13,204.04
13009,673,1,234.0,234.0
13010,374,2,330.12,165.06
13011,372,1,101.1,101.1
13012,9,11,2972.83,270.26
13013,1,29,12625.77,435.37
13014,11,11,5381.08,489.19
13015,53,11,6586.42,598.77
13016,73,3,789.89,263.3
13017,7,1,204.0,204.0
13018,16,35,9763.16,278.95
13019,379,6,1229.95,204.99
13020,563,2,618.96,309.48
13021,4,17,4887.24,287.48
13022,430,1,65.3,65.3
13023,64,3,1449.03,483.01
13024,471,2,555.87,277.94
13025,732,1,323.39,323.39
13026,1,9,1733.08,192.56
13027,114,19,17335.2,912.38
13028,23,2,661.32,330.66
13029,31,5,1927.3,385.46
13030,11,2,1227.22,613.61
13031,407,5,3419.27,683.85
13032,52,9,2843.55,315.95
13033,357,2,220.55,110.28
13034,55,3,922.68,307.56
13035,74,3,1364.2,454.73
13036,685,1,307.1,307.1
13037,138,12,3914.95,326.25
13038,80,3,908.46,302.82
13039,584,4,1010.73,252.68
13040,9,2,676.99,338.5
13041,451,4,799.13,199.78
13042,598,3,1556.54,518.85
13043,273,1,516.42,516.42
13044,291,11,4853.9,441.26
13045,99,3,808.92,269.64
13046,31,3,949.25,316.42
13047,32,24,8795.16,366.46
13048,14,9,4084.21,453.8
13049,64,4,1408.24,352.06
13050,15,35,12344.53,352.7
13051,579,2,155.8,77.9
13052,212,7,3168.53,452.65
13053,622,1,127.65,127.65
13055,78,4,2321.11,580.28
13056,551,1,209.48,209.48
13057,530,3,722.09,240.7
13058,25,3,271.4,90.47
13059,250,10,2303.17,230.32
13060,254,1,307.53,307.53
13061,72,1,248.61,248.61
13062,191,1,346.98,346.98
13063,481,1,188.4,188.4
13064,13,6,1680.74,280.12
13065,373,5,1260.91,252.18
13066,24,2,470.8,235.4
13067,82,3,508.51,169.5
13068,10,2,344.0,172.0
13069,1,38,9683.13,254.82
13070,192,4,751.7,187.92
13071,612,1,129.22,129.22
13072,267,1,177.15,177.15
13073,411,2,418.08,209.04
13074,511,4,1378.74,344.68
13075,130,1,919.61,919.61
13076,458,1,135.4,135.4
13077,1,11,3064.67,278.61
13078,3,57,29532.45,518.11
13079,4,6,419.18,69.86
13080,179,4,280.73,70.18
13081,12,28,59205.15,2114.47
13082,126,21,7335.75,349.32
13083,4,3,395.43,131.81
13084,492,1,122.4,122.4
13085,158,8,2433.28,304.16
13086,383,1,439.33,439.33
13087,726,1,313.64,313.64
13088,417,1,236.11,236.11
13089,3,203,116737.86,575.06
13090,9,24,14103.09,587.63
13091,28,3,2321.82,773.94
13092,71,12,2140.28,178.36
13093,276,55,54943.65,998.98
13094,21,13,2433.12,187.16
13095,71,1,74.4,74.4
13096,394,1,419.7,419.7
13097,33,28,13389.22,478.19
13098,1,28,28882.44,1031.52
13099,99,1,207.36,207.36
13101,234,4,695.4,173.85
13102,1,37,11696.92,316.13
13103,40,3,709.64,236.55
13104,3,9,1709.1,189.9
13105,436,1,72.0,72.0
13106,133,2,603.46,301.73
13107,44,9,5253.07,583.67
13108,373,2,1098.52,549.26
13109,60,3,1134.03,378.01
13110,31,12,2957.47,246.46
13111,719,1,321.88,321.88
13112,541,1,20.6,20.6
13113,1,37,18625.73,503.4
13114,731,1,234.38,234.38
13115,12,10,5494.7,549.47
13116,138,1,501.14,501.14
13117,22,18,2643.81,146.88
13118,20,9,2415.41,268.38
13119,669,1,134.9,134.9
13120,239,1,30.6,30.6
13121,269,1,283.73,283.73
13122,94,2,922.39,461.2
13123,473,2,506.75,253.38
13124,90,4,4782.45,1195.61
13125,524,1,158.57,158.57
13126,5,13,3998.25,307.56
13127,78,1,259.17,259.17
13128,631,1,263.5,263.5
13129,452,2,233.25,116.62
13130,94,1,64.0,64.0
13131,23,7,3313.77,473.4
13132,262,1,77.3,77.3
13133,274,3,200.45,66.82
13134,86,6,2475.23,412.54
13135,197,2,3371.45,1685.72
13136,56,13,6274.56,482.66
13137,11,16,7712.7,482.04
13138,22,7,1467.24,209.61
13139,16,8,8202.98,1025.37
13140,108,5,1215.68,243.14
13141,85,17,7668.58,451.09
13142,19,1,307.09,307.09
13143,585,1,405.1,405.1
13144,333,2,135.35,67.68
13145,40,7,1423.52,203.36
13146,26,1,228.91,228.91
13147,10,4,712.8,178.2
13148,29,26,8621.81,331.61
13149,14,4,1676.06,419.02
13150,484,3,449.97,149.99
13151,296,3,2580.74,860.25
13152,417,7,2146.38,306.63
13153,6,1,486.22,486.22
13154,399,3,1624.84,541.61
13155,33,6,1750.18,291.7
13156,385,3,1586.54,528.85
13157,49,9,5687.36,631.93
13158,95,5,1508.18,301.64
13159,9,4,1437.85,359.46
13160,22,1,91.8,91.8
13161,313,2,478.88,239.44
13162,122,16,9275.49,579.72
13163,610,1,17.65,17.65
13164,569,2,372.2,186.1
13165,46,3,1451.16,483.72
13166,283,2,884.18,442.09
13167,19,5,1125.15,225.03
13168,36,5,1875.31,375.06
13169,64,3,840.08,280.03
13170,27,1,116.01,116.01
13171,22,3,468.41,156.14
13172,400,1,69.6,69.6
13173,4,11,2639.35,239.94
13174,16,12,9494.84,791.24
13175,582,2,831.45,415.72
13176,46,1,492.84,492.84
13177,65,2,512.2,256.1
13178,26,21,14059.19,669.49
13179,619,1,572.31,572.31
13180,607,1,86.1,86.1
13181,381,1,359.69,359.69
13182,45,1,121.18,121.18
13183,8,15,7036.18,469.08
13184,15,10,1701.29,170.13
13185,268,1,71.4,71.4
13186,40,3,1575.89,525.3
13187,337,4,367.01,91.75
13188,11,1,114.6,114.6
13189,19,2,260.68,130.34
13190,544,3,570.66,190.22
13191,658,1,164.69,164.69
13192,95,6,2558.58,426.43
13193,61,1,117.88,117.88
13194,136,2,472.78,236.39
13195,414,1,172.38,172.38
13196,11,7,3068.84,438.41
13197,610,1,373.01,373.01
13198,10,8,4974.23,621.78
13199,4,67,16432.89,245.27
13200,19,4,870.09,217.52
13201,502,4,1240.61,310.15
13202,394,7,1580.3,225.76
13203,10,10,2648.25,264.82
13204,731,1,966.66,966.66
13205,443,1,2803.2,2803.2
13206,400,13,8377.32,644.41
13207,15,4,535.86,133.96
13208,59,9,1988.5,220.94
13209,30,13,8509.51,654.58
13210,94,1,353.48,353.48
13211,10,10,2729.32,272.93
13212,20,3,788.08,262.69
13213,57,11,3851.52,350.14
13214,418,7,3264.23,466.32
13215,402,1,81.6,81.6
13216,268,1,333.74,333.74
13217,122,4,666.48,166.62
13218,127,1,62.64,62.64
13219,618,1,76.23,76.23
13220,78,5,1336.09,267.22
13221,240,2,847.41,423.7
13222,577,1,88.5,88.5
13223,200,6,969.12,161.52
13224,60,2,2155.95,1077.97
13225,3,16,16260.07,1016.25
13226,273,2,312.46,156.23
13227,202,1,257.7,257.7
13228,81,1,358.0,358.0
13229,226,1,160.95,160.95
13230,4,30,6360.78,212.03
13232,13,7,1357.6,193.94
13233,74,4,1176.46,294.12
13234,673,2,356.95,178.48
13235,212,1,1031.07,1031.07
13236,25,2,744.85,372.42
13237,388,1,643.0,643.0
13238,17,6,1006.63,167.77
13239,262,5,1594.69,318.94
13240,96,8,1738.52,217.32
13241,412,1,115.58,115.58
13242,112,7,699.4,99.91
13243,203,5,1278.04,255.61
13244,93,1,121.74,121.74
13245,51,2,989.22,494.61
13246,18,11,3387.43,307.95
13247,18,4,501.12,125.28
13248,125,2,465.68,232.84
13249,92,9,1608.93,178.77
13250,461,2,256.04,128.02
13251,402,1,252.68,252.68
13252,394,2,399.3,199.65
13253,157,4,2951.11,737.78
13254,376,1,51.41,51.41
13255,9,3,904.46,301.49
13257,436,1,149.75,149.75
13258,12,5,1035.18,207.04
13259,62,9,1433.38,159.26
13260,61,1,557.62,557.62
13261,269,2,944.1,472.05
13262,263,3,573.45,191.15
13263,1,39,8704.69,223.2
13264,443,1,722.56,722.56
13265,53,5,2107.66,421.53
13266,11,19,6135.04,322.9
13267,3,36,9758.26,271.06
13268,18,11,3214.69,292.24
13269,1,28,8891.7,317.56
13270,366,1,1180.0,1180.0
13271,37,1,217.38,217.38
13272,31,2,276.56,138.28
13273,113,1,138.98,138.98
13274,409,1,360.85,360.85
13275,384,2,241.66,120.83
13276,64,5,1939.26,387.85
13277,16,7,523.3,74.76
13278,41,4,1435.85,358.96
13279,78,1,137.75,137.75
13280,122,7,2322.63,331.8
13281,439,1,350.85,350.85
13282,18,4,1313.19,328.3
13283,60,4,373.36,93.34
13284,331,1,201.19,201.19
13285,23,6,3364.59,560.76
13286,600,1,734.91,734.91
13287,603,3,781.59,260.53
13288,443,5,927.61,185.52
13289,724,1,307.95,307.95
13290,438,1,208.63,208.63
13291,156,11,3320.84,301.89
13292,39,5,994.51,198.9
13293,392,6,1192.94,198.82
13294,190,3,1689.53,563.18
13295,360,4,1101.97,275.49
13296,137,6,792.51,132.08
13297,8,7,4368.62,624.09
13298,1,1,360.0,360.0
13299,268,3,1218.7,406.23
13300,169,3,1285.51,428.5
13301,104,4,618.09,154.52
13302,155,2,159.2,79.6
13303,400,1,61.72,61.72
13304,351,4,1217.99,304.5
13305,4,16,3754.71,234.67
13306,430,1,53.65,53.65
13307,120,3,273.34,91.11
13308,23,4,1670.37,417.59
13309,7,6,1706.37,284.4
13310,28,5,1541.2,308.24
13311,4,2,598.57,299.29
13312,451,1,124.75,124.75
13313,22,12,3445.32,287.11
13314,2,3,775.94,258.65
13315,689,1,310.26,310.26
13316,37,10,13191.57,1319.16
13317,66,19,6486.09,341.37
13318,1,3,640.76,213.59
13319,5,58,22082.5,380.73
13320,78,6,2228.1,371.35
13321,72,2,567.36,283.68
13322,17,1,199.48,199.48
13323,3,5,787.85,157.57
13324,36,18,10513.47,584.08
13325,82,1,675.3,675.3
13326,432,1,281.76,281.76
13327,39,20,9879.48,493.97
13328,316,1,1308.48,1308.48
13329,32,8,5112.97,639.12
13330,93,6,2806.18,467.7
13331,402,1,262.4,262.4
13332,14,1,350.9,350.9
13333,411,3,1015.74,338.58
13334,82,5,6263.75,1252.75
13336,77,1,795.12,795.12
13337,546,1,1575.26,1575.26
13338,158,4,2445.62,611.4
13339,201,1,860.12,860.12
13340,45,12,22100.56,1841.71
13341,261,1,775.85,775.85
13343,178,1,353.43,353.43
13344,68,3,2543.72,847.91
13345,288,1,389.5,389.5
13346,463,6,299.4,49.9
13347,70,1,341.36,341.36
13348,64,1,233.76,233.76
13349,11,1,247.32,247.32
13350,16,2,979.12,489.56
13351,66,1,373.94,373.94
13352,60,1,397.98,397.98
13354,71,1,743.53,743.53
13355,122,1,674.7,674.7
13356,80,1,768.24,768.24
13357,257,5,3838.36,767.67
13358,269,1,439.03,439.03
13359,64,2,1043.31,521.66
13360,432,4,1553.65,388.41
13361,472,2,1450.5,725.25
13362,9,7,5394.07,770.58
13363,18,3,1723.86,574.62
13364,71,1,134.96,134.96
13365,34,2,2225.37,1112.68
13366,50,1,56.16,56.16
13367,432,1,510.2,510.2
13368,257,4,1121.5,280.38
13369,366,1,616.56,616.56
13370,372,1,1509.74,1509.74
13371,505,2,2297.66,1148.83
13372,90,1,378.64,378.64
13373,61,6,7587.19,1264.53
13374,415,2,422.8,211.4
13375,89,2,1792.23,896.12
13376,99,3,1019.76,339.92
13377,397,2,1552.88,776.44
13379,26,3,572.56,190.85
13380,433,1,62.4,62.4
13381,32,12,8224.37,685.36
13382,281,5,1387.58,277.52
13383,544,1,305.28,305.28
13384,31,11,6680.83,607.35
13385,330,1,534.57,534.57
13386,414,2,835.46,417.73
13387,417,1,189.44,189.44
13388,131,3,1185.65,395.22
13389,11,3,797.96,265.99
13390,75,1,544.08,544.08
13391,204,1,59.8,59.8
13392,677,1,91.14,91.14
13393,584,4,1131.45,282.86
13394,2,19,6621.7,348.51
13395,185,3,1180.23,393.41
13396,29,2,1360.99,680.5
13397,73,10,3191.87,319.19
13398,192,2,670.34,335.17
13399,464,3,275.4,91.8
13400,583,1,310.83,310.83
13402,127,4,1535.13,383.78
13403,18,3,229.5,76.5
13404,1,2,252.49,126.24
13405,74,6,1213.81,202.3
13406,427,2,568.92,284.46
13407,579,3,2244.7,748.23
13408,2,106,51733.46,488.05
13410,24,9,2201.96,244.66
13411,107,1,213.55,213.55
13412,620,1,487.35,487.35
13413,640,6,429.44,71.57
13414,134,6,2494.14,415.69
13415,473,4,800.67,200.17
13416,44,3,940.8,313.6
13417,5,6,1669.49,278.25
13418,12,31,12233.6,394.63
13419,64,1,221.06,221.06
13420,150,2,159.85,79.92
13421,40,8,4103.12,512.89
13422,64,1,2626.3,2626.3
13423,429,1,217.03,217.03
13424,450,1,572.77,572.77
13425,108,5,3403.63,680.73
13426,1,22,8167.38,371.24
13427,19,6,1006.53,167.76
13428,10,3,499.98,166.66
13429,11,4,1006.8,251.7
13430,19,2,679.45,339.72
13431,67,8,3316.24,414.53
13432,571,2,439.1,219.55
13433,501,4,658.32,164.58
13434,74,5,1666.86,333.37
13435,5,9,4475.23,497.25
13436,2,1,196.89,196.89
13437,14,7,3408.06,486.87
13438,547,1,46.5,46.5
13439,255,3,986.61,328.87
13440,423,7,1295.25,185.04
13441,92,2,720.9,360.45
13442,667,3,419.87,139.96
13443,449,6,1280.16,213.36
13444,374,2,631.68,315.84
13445,626,1,241.9,241.9
13446,430,11,3881.89,352.9
13447,23,3,1129.14,376.38
13448,17,13,9240.87,710.84
13449,24,1,291.88,291.88
13450,27,13,4120.04,316.93
13451,26,11,7190.92,653.72
13452,259,3,729.8,243.27
13453,166,3,781.69,260.56
13454,641,1,219.87,219.87
13455,25,6,2905.93,484.32
13456,18,6,1766.72,294.45
13457,689,2,148.22,74.11
13458,7,16,11959.27,747.45
13459,625,2,1160.41,580.2
13460,29,2,183.44,91.72
13461,39,6,4160.0,693.33
13462,253,5,1153.85,230.77
13464,58,6,3097.64,516.27
13465,446,2,931.12,465.56
13466,184,5,1013.35,202.67
13467,11,2,1083.71,541.86
13468,2,72,13390.51,185.98
13469,653,1,82.4,82.4
13470,99,2,165.0,82.5
13471,1,4,2531.58,632.9
13472,464,2,592.24,296.12
13473,61,8,2657.76,332.22
13474,236,3,663.79,221.26
13475,191,4,1431.78,357.94
13476,179,5,2061.47,412.29
13477,38,11,2834.17,257.65
13478,469,5,2215.78,443.16
13479,201,4,851.37,212.84
13480,417,2,627.82,313.91
13481,46,11,3830.84,348.26
13482,232,2,336.09,168.04
13483,66,1,140.34,140.34
13484,241,3,790.72,263.57
13485,233,11,3019.22,274.47
13486,78,3,1122.41,374.14
13487,58,5,846.87,169.37
13488,17,23,15587.88,677.73
13489,105,4,449.52,112.38
13490,654,1,154.25,154.25
13491,52,27,4566.56,169.13
13492,136,3,1269.84,423.28
13493,275,2,618.63,309.32
13494,312,1,316.26,316.26
13495,8,10,5374.26,537.43
13496,11,2,653.33,326.67
13497,283,6,1320.33,220.05
13498,730,1,327.38,327.38
13499,18,5,1159.11,231.82
13500,23,4,1466.3,366.58
13501,288,3,2885.11,961.7
13502,17,5,780.5,156.1
13503,71,6,1905.39,317.56
13504,64,1,295.93,295.93
13505,73,4,4393.63,1098.41
13506,316,5,1639.2,327.84
13507,3,4,2479.16,619.79
13508,244,2,287.05,143.52
13509,9,8,1114.72,139.34
13510,1,11,4558.29,414.39
13511,677,1,282.76,282.76
13512,261,4,713.39,178.35
13513,127,3,824.59,274.86
13514,74,4,815.9,203.98
13515,73,6,1265.82,210.97
13516,21,4,1685.26,421.32
13517,60,3,2128.42,709.47
13518,86,1,659.44,659.44
13519,78,2,343.21,171.6
13520,59,11,6909.4,628.13
13521,1,3,1093.65,364.55
13522,30,1,125.8,125.8
13523,33,6,5101.52,850.25
13524,41,5,680.18,136.04
13525,15,2,628.78,314.39
13526,738,2,1182.0,591.0
13527,34,12,4683.74,390.31
13529,79,2,307.76,153.88
13530,634,1,402.98,402.98
13531,205,6,1738.52,289.75
13532,34,1,210.31,210.31
13533,183,3,270.79,90.26
13534,2,35,7720.9,220.6
13535,403,1,89.5,89.5
13536,1,7,3448.29,492.61
13537,426,2,717.85,358.92
13538,43,12,3112.73,259.39
13539,86,7,1569.36,224.19
13540,467,3,632.39,210.8
13541,427,2,785.25,392.62
13542,377,17,4006.17,235.66
13543,634,2,1439.61,719.8
13544,40,6,829.0,138.17
13545,391,2,374.64,187.32
13546,12,5,1092.14,218.43
13547,408,1,175.53,175.53
13548,96,3,908.99,303.0
13549,26,8,1005.8,125.72
13550,383,1,349.51,349.51
13551,319,2,244.2,122.1
13552,66,22,6978.92,317.22
13553,675,1,517.8,517.8
13554,380,7,1638.28,234.04
13555,74,13,8999.19,692.25
13556,429,2,200.82,100.41
13557,28,13,3032.26,233.25
13558,6,4,605.06,151.26
13559,513,2,990.0,495.0
13560,7,1,174.37,174.37
13561,216,11,1820.72,165.52
13562,82,8,4838.18,604.77
13563,84,2,777.53,388.76
13564,144,37,17249.55,466.2
13565,19,3,414.8,138.27
13566,41,5,1708.12,341.62
13567,428,4,1083.69,270.92
13568,173,1,192.85,192.85
13569,17,4,893.78,223.44
13570,243,1,239.49,239.49
13571,13,26,4546.54,174.87
13572,206,1,1384.25,1384.25
13573,50,6,916.47,152.74
13574,411,1,421.25,421.25
13575,23,5,732.07,146.41
13576,10,28,11551.74,412.56
13577,25,11,3489.28,317.21
13578,409,1,147.66,147.66
13579,15,5,1539.04,307.81
13580,406,1,107.75,107.75
13581,309,2,280.53,140.27
13582,390,2,241.68,120.84
13583,156,2,1445.03,722.52
13584,307,3,392.45,130.82
13585,531,3,684.54,228.18
13586,541,1,131.53,131.53
13587,64,4,1673.5,418.38
13588,16,9,2478.95,275.44
13589,15,6,1120.74,186.79
13590,11,18,6349.59,352.76
13591,65,7,2093.94,299.13
13592,36,4,247.96,61.99
13593,108,14,5523.69,394.55
13594,53,2,533.32,266.66
13595,517,3,818.22,272.74
13596,6,2,697.04,348.52
13597,400,2,396.71,198.36
13598,47,5,789.59,157.92
13599,1,33,10167.63,308.11
13600,312,2,518.42,259.21
13601,45,4,1185.14,296.29
13602,65,4,1025.17,256.29
13603,26,1,164.34,164.34
13604,659,1,717.62,717.62
13605,387,2,522.67,261.33
13606,29,3,280.54,93.51
13607,40,2,1078.31,539.16
13608,541,1,236.2,236.2
13609,593,1,167.35,167.35
13610,12,14,2175.88,155.42
13611,89,10,3319.53,331.95
13612,633,1,818.29,818.29
13613,453,5,1039.85,207.97
13614,24,6,2359.19,393.2
13615,319,8,6272.53,784.07
13616,568,2,288.1,144.05
13617,40,8,1278.75,159.84
13618,174,1,177.34,177.34
13619,545,2,231.69,115.84
13620,528,1,112.34,112.34
13621,117,1,213.85,213.85
13622,696,1,658.95,658.95
13623,31,10,2566.49,256.65
13624,388,1,462.08,462.08
13625,597,1,301.26,301.26
13626,253,2,707.04,353.52
13627,59,7,2245.9,320.84
13628,676,1,310.14,310.14
13629,23,19,13370.86,703.73
13630,5,7,2031.78,290.25
13631,100,11,3070.42,279.13
13632,25,8,3648.15,456.02
13634,33,16,5073.47,317.09
13635,68,4,2999.16,749.79
13636,37,5,949.12,189.82
13637,52,3,810.5,270.17
13638,16,1,122.64,122.64
13639,74,2,1346.27,673.14
13640,611,1,405.0,405.0
13641,641,5,1016.47,203.29
13642,216,4,514.72,128.68
13643,31,10,2156.77,215.68
13644,16,4,2624.26,656.06
13645,120,1,252.1,252.1
13646,400,2,326.25,163.12
13647,10,8,3071.68,383.96
13648,400,8,1764.02,220.5
13649,257,6,1678.88,279.81
13650,17,10,3288.0,328.8
13651,35,3,226.85,75.62
13652,46,5,2570.85,514.17
13653,488,1,152.2,152.2
13654,43,11,6308.0,573.45
13655,114,6,2280.51,380.08
13656,165,4,1078.85,269.71
13657,11,2,382.14,191.07
13658,10,9,6025.5,669.5
13659,206,12,4894.88,407.91
13660,400,1,314.59,314.59
13661,603,1,325.24,325.24
13662,86,11,2250.11,204.56
13663,179,5,2047.51,409.5
13665,386,3,1711.66,570.55
13666,60,5,127.9,25.58
13667,149,1,305.02,305.02
13668,3,35,13089.94,374.0
13669,51,3,413.55,137.85
13670,75,1,349.7,349.7
13671,395,1,194.95,194.95
13672,301,3,419.92,139.97
13673,19,2,396.92,198.46
13674,433,1,240.68,240.68
13675,151,2,486.82,243.41
13676,539,2,243.9,121.95
13677,405,2,556.19,278.09
13678,152,1,232.6,232.6
13679,494,3,281.26,93.75
13680,1,12,11435.67,952.97
13681,18,4,827.83,206.96
13682,187,1,59.5,59.5
13683,458,1,258.6,258.6
13684,286,4,596.98,149.24
13685,3,7,3119.44,445.63
13686,183,3,409.04,136.35
13687,438,1,11880.84,11880.84
13688,635,1,375.5,375.5
13689,63,2,1259.5,629.75
13690,59,1,172.25,172.25
13691,396,1,212.78,212.78
13692,25,5,3114.4,622.88
13693,374,9,2011.82,223.54
13694,4,143,196482.81,1374.01
13695,31,16,2770.73,173.17
13696,422,3,2020.4,673.47
13697,39,1,151.3,151.3
13698,597,2,465.53,232.76
13699,155,2,764.15,382.08
13700,26,13,2613.46,201.04
13701,447,1,161.0,161.0
13702,446,1,135.18,135.18
13703,318,2,425.56,212.78
13704,5,9,2308.06,256.45
13705,8,7,2035.33,290.76
13706,303,2,631.17,315.58
13707,267,5,3365.86,673.17
13708,271,1,296.88,296.88
13709,4,18,7591.75,421.76
13710,32,3,509.52,169.84
13711,219,9,1792.26,199.14
13712,247,2,766.42,383.21
13713,408,3,743.26,247.75
13714,465,1,161.35,161.35
13715,281,17,8483.29,499.02
13716,269,1,138.28,138.28
13717,32,8,1763.3,220.41
13718,246,2,306.55,153.28
13719,15,11,2815.25,255.93
13720,117,4,799.9,199.98
13721,36,2,741.54,370.77
13722,132,10,5635.41,563.54
13723,217,6,1209.2,201.53
13724,637,1,213.01,213.01
13725,50,8,1980.56,247.57
13726,39,2,1079.66,539.83
13727,29,8,1080.05,135.01
13728,37,16,2855.17,178.45
13729,436,3,724.73,241.58
13730,136,2,752.6,376.3
13731,219,2,610.59,305.3
13732,28,1,491.86,491.86
13733,411,2,487.03,243.52
13734,509,4,6701.64,1675.41
13735,25,13,9813.22,754.86
13736,5,7,2766.21,395.17
13737,200,1,339.6,339.6
13738,396,1,440.93,440.93
13739,18,2,292.2,146.1
13740,241,5,1597.77,319.55
13741,72,3,668.43,222.81
13742,17,12,3131.02,260.92
13743,3,7,1341.6,191.66
13744,95,2,1156.36,578.18
13745,162,2,777.36,388.68
13746,414,1,176.69,176.69
13747,374,2,249.4,124.7
13748,96,9,2268.35,252.04
13750,54,11,3602.18,327.47
13751,288,1,296.25,296.25
13752,124,7,1590.73,227.25
13753,288,4,2094.57,523.64
13754,152,3,447.05,149.02
13755,4,9,2161.35,240.15
13756,2,23,9207.5,400.33
13757,675,1,195.55,195.55
13758,12,15,9416.98,627.8
13759,33,2,659.41,329.71
13760,54,5,1363.64,272.73
13761,50,6,1952.17,325.36
13762,219,5,2472.48,494.5
13763,63,3,5217.44,1739.15
13764,71,6,2953.26,492.21
13765,653,1,352.82,352.82
13766,495,1,190.35,190.35
13767,2,73,35540.53,486.86
13768,727,2,875.97,437.98
13769,2,20,5800.42,290.02
13770,422,4,785.37,196.34
13771,64,9,5728.82,636.54
13772,34,8,3114.22,389.28
13773,397,2,301.54,150.77
13774,82,1,345.0,345.0
13775,591,1,1049.66,1049.66
13776,428,2,623.98,311.99
13777,1,61,56478.42,925.88
13778,103,4,1124.49,281.12
13779,516,1,161.13,161.13
13780,7,3,735.82,245.27
13781,251,3,778.83,259.61
13782,13,13,1793.72,137.98
13783,488,4,1542.09,385.52
13784,10,14,2910.23,207.87
13785,429,4,542.49,135.62
13786,367,6,3358.94,559.82
13787,76,6,1222.5,203.75
13788,505,1,3.75,3.75
13789,388,1,239.46,239.46
13790,4,1,348.8,348.8
13791,128,2,1516.0,758.0
13792,66,3,383.95,127.98
13793,647,1,96.0,96.0
13794,547,1,126.03,126.03
13795,388,4,836.3,209.08
13796,499,1,289.7,289.7
13797,437,3,1179.45,393.15
13798,1,110,75836.87,689.43
13799,117,9,2803.57,311.51
13800,310,3,1679.56,559.85
13801,67,1,324.8,324.8
13802,139,19,26259.11,1382.06
13803,255,3,1338.91,446.3
13804,31,9,3208.52,356.5
13805,52,2,924.6,462.3
13806,64,1,256.38,256.38
13807,367,3,534.8,178.27
13808,6,5,1747.66,349.53
13809,305,3,679.7,226.57
13810,29,3,1499.01,499.67
13811,184,3,814.5,271.5
13812,42,3,539.0,179.67
13813,40,8,2765.47,345.68
13814,92,3,2257.32,752.44
13815,22,8,7475.74,934.47
13816,24,2,571.67,285.84
13817,29,2,382.98,191.49
13818,430,1,61.28,61.28
13819,302,6,2642.35,440.39
13820,418,3,660.65,220.22
13821,145,6,1410.73,235.12
13822,6,2,632.0,316.0
13823,19,7,3403.45,486.21
13824,33,12,3314.76,276.23
13825,622,2,255.59,127.8
13826,176,1,189.5,189.5
13827,58,3,412.05,137.35
13828,22,1,209.49,209.49
13829,421,1,102.0,102.0
13830,582,1,156.85,156.85
13831,16,18,7023.58,390.2
13832,19,2,613.69,306.84
13833,159,2,701.36,350.68
13834,577,2,324.19,162.1
13835,25,7,1095.27,156.47
13836,399,2,620.37,310.18
13837,212,2,271.24,135.62
13838,6,10,1966.09,196.61
13839,486,1,139.95,139.95
13840,416,1,651.4,651.4
13841,253,1,85.0,85.0
13842,59,18,5629.91,312.77
13843,381,1,319.75,319.75
13844,11,1,361.62,361.62
13845,65,1,312.98,312.98
13846,25,4,1307.79,326.95
13847,720,1,310.72,310.72
13848,92,8,3335.0,416.88
13849,52,5,3469.3,693.86
13850,129,1,1595.48,1595.48
13851,96,8,4606.46,575.81
13852,611,1,187.35,187.35
13853,57,1,1090.14,1090.14
13854,9,39,12253.96,314.2
13855,501,4,1310.34,327.59
13856,169,11,1142.03,103.82
13857,393,6,1001.01,166.84
13858,57,1,216.17,216.17
13859,326,2,515.86,257.93
13860,1,5,1245.9,249.18
13861,429,2,273.26,136.63
13862,18,9,2556.09,284.01
13863,248,4,1239.55,309.89
13864,387,1,662.4,662.4
13865,58,4,501.56,125.39
13866,74,1,145.67,145.67
13867,31,3,1015.29,338.43
13868,7,2,3192.54,1596.27
13869,123,10,8111.57,811.16
13870,2,15,5712.08,380.81
13871,23,17,7885.85,463.87
13872,527,3,919.57,306.52
13873,120,8,1038.92,129.86
13874,358,7,2049.15,292.74
13875,54,14,4814.37,343.88
13876,64,1,122.7,122.7
13877,86,3,449.68,149.89
13878,55,4,2473.06,618.26
13879,646,1,395.5,395.5
13880,21,17,4391.66,258.33
13881,4,43,45179.1,1050.68
13882,3,5,1191.13,238.23
13883,11,15,6560.02,437.33
13884,7,10,1888.48,188.85
13885,189,2,506.8,253.4
13886,71,1,243.56,243.56
13887,204,1,349.55,349.55
13888,120,7,2169.05,309.86
13889,93,6,1991.23,331.87
13890,1,14,2927.38,209.1
13891,378,3,863.56,287.85
13892,27,6,1267.65,211.27
13893,298,1,821.1,821.1
13894,24,3,564.62,188.21
13895,28,6,4008.52,668.09
13896,626,1,388.55,388.55
13897,50,3,1160.72,386.91
13898,326,2,686.4,343.2
13899,16,2,388.52,194.26
13900,183,6,1610.59,268.43
13901,72,15,5676.34,378.42
13902,632,5,34095.26,6819.05
13903,400,1,165.45,165.45
13904,37,2,332.64,166.32
13905,733,1,312.65,312.65
13906,409,1,42.0,42.0
13907,692,1,136.8,136.8
13908,80,4,2369.55,592.39
13909,423,2,286.6,143.3
13911,57,20,4234.99,211.75
13912,424,1,124.95,124.95
13913,507,1,42.22,42.22
13914,12,2,626.45,313.23
13915,394,1,70.8,70.8
13916,464,4,1275.81,318.95
13917,50,2,272.04,136.02
13918,50,2,1212.84,606.42
13919,59,4,1360.68,340.17
13920,432,4,1774.68,443.67
13921,402,4,730.7,182.68
13922,352,3,865.2,288.4
13923,54,1,351.13,351.13
13924,2,6,1838.85,306.48
13925,93,4,678.25,169.56
13926,23,1,223.85,223.85
13927,75,2,708.26,354.13
13928,11,4,464.57,116.14
13929,169,11,3494.1,317.65
13930,58,2,337.34,168.67
13931,96,11,5257.38,477.94
13932,295,1,307.4,307.4
13933,109,2,608.79,304.4
13934,264,1,922.1,922.1
13935,597,3,6116.92,2038.97
13936,180,3,939.66,313.22
13937,169,2,880.13,440.06
13938,35,1,71.66,71.66
13939,23,7,1560.96,222.99
13940,17,4,839.14,209.78
13941,22,15,11122.3,741.49
13942,535,1,320.0,320.0
13943,578,1,246.54,246.54
13944,653,1,200.43,200.43
13945,395,2,854.15,427.08
13946,79,6,1876.23,312.7
13947,65,1,90.6,90.6
13948,361,4,548.76,137.19
13949,3,6,2427.32,404.55
13950,11,4,745.06,186.26
13951,176,3,674.45,224.82
13952,218,14,12823.52,915.97
13953,7,12,6640.68,553.39
13954,2,2,439.92,219.96
13955,154,3,545.17,181.72
13956,5,5,1026.42,205.28
13957,418,3,458.25,152.75
13958,380,8,4709.23,588.65
13959,79,6,1076.18,179.36
13960,21,2,230.22,115.11
13961,392,1,538.4,538.4
13962,22,3,362.8,120.93
13963,308,17,3011.87,177.17
13964,387,2,438.9,219.45
13965,477,3,996.61,332.2
13966,435,1,390.86,390.86
13967,146,2,166.3,83.15
13968,423,1,123.66,123.66
13969,7,35,13365.87,381.88
13970,386,2,846.55,423.28
13971,19,14,4667.57,333.4
13972,71,2,190.25,95.12
13973,287,1,264.7,264.7
13974,49,2,677.72,338.86
13975,31,12,5358.84,446.57
13976,207,4,1192.36,298.09
13977,411,1,519.81,519.81
13978,15,2,196.79,98.4
13979,73,7,3416.23,488.03
13980,60,5,799.92,159.98
13981,416,1,331.14,331.14
13982,39,9,4445.59,493.95
13983,30,21,7108.45,338.5
13984,27,12,2048.6,170.72
13985,4,22,10020.86,455.49
13986,17,1,320.46,320.46
13987,380,2,682.54,341.27
13988,20,8,4757.8,594.72
13989,66,5,2026.06,405.21
13990,213,1,311.3,311.3
13991,12,6,855.97,142.66
13992,30,3,219.5,73.17
13993,43,19,6775.71,356.62
13994,4,6,2313.14,385.52
13995,15,14,3902.01,278.72
13996,386,2,895.76,447.88
13997,519,3,382.31,127.44
13998,447,3,566.7,188.9
13999,10,29,9502.26,327.66
14000,211,5,2046.34,409.27
14001,46,9,4530.09,503.34
14002,134,2,529.73,264.86
14003,733,1,209.41,209.41
14004,43,11,6258.45,568.95
14005,10,5,2874.72,574.94
14006,116,7,2196.67,313.81
14007,513,1,79.48,79.48
14008,432,1,509.04,509.04
14009,198,3,1099.91,366.64
14010,565,2,445.15,222.58
14011,480,2,457.82,228.91
14012,278,1,328.8,328.8
14013,110,5,1084.57,216.91
14014,77,3,1948.21,649.4
14015,53,1,917.34,917.34
14016,162,11,11403.41,1036.67
14017,571,1,229.75,229.75
14018,645,1,367.15,367.15
14019,47,3,1421.61,473.87
14020,17,4,1249.01,312.25
14021,155,7,1716.58,245.23
14022,225,2,792.15,396.08
14023,7,2,584.07,292.04
14024,122,3,645.74,215.25
14025,465,8,4057.9,507.24
14026,471,2,713.11,356.56
14027,61,1,104.82,104.82
14028,550,3,10396.5,3465.5
14029,63,2,467.66,233.83
14030,18,20,8262.29,413.11
14031,7,44,40999.17,931.8
14032,2,16,4850.27,303.14
14033,555,1,109.44,109.44
14034,22,3,651.82,217.27
14035,29,9,2856.72,317.41
14036,285,1,626.65,626.65
14037,176,6,836.95,139.49
14038,78,5,3069.88,613.98
14039,33,2,267.28,133.64
14040,41,35,12645.57,361.3
14041,266,1,141.41,141.41
14042,725,1,431.98,431.98
14043,491,2,304.25,152.12
14044,27,10,3123.1,312.31
14045,109,16,11313.03,707.06
14046,284,1,154.99,154.99
14047,9,14,4255.03,303.93
14048,305,3,748.69,249.56
14049,17,13,13239.03,1018.39
14050,32,2,746.36,373.18
14051,1,37,22434.0,606.32
14052,20,2,480.81,240.4
14053,124,4,572.3,143.07
14054,65,1,92.46,92.46
14055,106,3,1520.96,506.99
14056,1,23,8214.65,357.16
14057,24,22,8408.84,382.22
14058,463,2,469.19,234.6
14059,267,1,183.6,183.6
14060,5,30,9519.08,317.3
14061,507,3,917.43,305.81
14062,10,24,25604.2,1066.84
14063,438,9,22710.2,2523.36
14064,29,15,3332.42,222.16
14065,389,3,891.02,297.01
14066,267,1,152.55,152.55
14067,64,2,374.7,187.35
14068,320,4,1528.37,382.09
14069,515,2,230.06,115.03
14070,685,1,326.55,326.55
14071,4,8,1438.82,179.85
14072,667,1,390.85,390.85
14073,32,1,151.04,151.04
14074,623,1,219.4,219.4
14075,5,6,1734.87,289.14
14076,129,1,122.47,122.47
14077,41,6,615.08,102.51
14078,102,9,1692.63,188.07
14079,125,2,618.73,309.36
14080,33,5,1115.68,223.14
14081,302,10,5370.1,537.01
14082,365,2,413.36,206.68
14083,4,11,1407.26,127.93
14084,512,1,150.5,150.5
14085,2,33,10104.97,306.21
14086,463,1,39.95,39.95
14087,3,3,846.22,282.07
14088,10,16,64036.8,4002.3
14089,57,1,161.0,161.0
14090,325,1,76.32,76.32
14091,654,2,9530.08,4765.04
14092,8,24,7229.45,301.23
14093,12,1,442.85,442.85
14094,440,1,335.22,335.22
14095,723,1,2.95,2.95
14096,4,17,65164.79,3833.22
14097,481,2,422.86,211.43
14098,37,1,147.35,147.35
14099,16,20,5765.71,288.29
14100,138,1,194.9,194.9
14101,74,13,9961.93,766.3
14102,5,5,1360.28,272.06
14104,155,5,771.58,154.32
14105,239,5,5988.83,1197.77
14106,737,1,214.8,214.8
14107,52,11,4877.3,443.39
14108,31,4,1044.96,261.24
14109,73,1,144.2,144.2
14110,4,33,12987.95,393.57
14111,14,4,692.85,173.21
14112,23,13,5834.59,448.81
14113,4,16,7092.61,443.29
14114,274,7,1364.09,194.87
14115,502,2,622.67,311.34
14116,20,5,1382.74,276.55
14117,144,1,90.0,90.0
14118,429,1,458.45,458.45
14119,376,2,183.37,91.68
14121,4,4,2780.15,695.04
14122,406,3,362.42,120.81
14123,733,1,436.18,436.18
14124,84,1,419.58,419.58
14125,11,3,2740.43,913.48
14126,8,4,1172.46,293.12
14127,123,6,1900.08,316.68
14128,61,3,924.21,308.07
14129,2,9,2591.34,287.93
14130,319,4,1882.67,470.67
14131,649,1,187.87,187.87
14132,2,11,3586.03,326.0
14133,130,4,911.14,227.78
14134,383,15,11123.35,741.56
14135,2,24,9643.92,401.83
14136,401,5,1570.81,314.16
14137,696,1,332.7,332.7
14138,2,2,982.38,491.19
14139,46,4,1086.8,271.7
14140,4,2,935.05,467.52
14141,3,4,915.13,228.78
14142,373,2,983.15,491.58
14143,134,1,115.8,115.8
14144,486,1,30.6,30.6
14145,47,7,7600.05,1085.72
14146,9,12,9450.3,787.52
14147,78,9,2590.2,287.8
14148,234,2,466.29,233.14
14149,221,1,446.62,446.62
14150,36,2,658.64,329.32
14151,673,2,679.45,339.72
14152,75,7,1997.34,285.33
14153,483,1,233.4,233.4
14154,239,8,6460.7,807.59
14155,266,1,118.75,118.75
14156,10,156,313946.37,2012.48
14157,20,5,1002.78,200.56
14158,40,1,507.66,507.66
14159,20,20,7938.01,396.9
14160,610,7,8421.47,1203.07
14161,216,7,3318.88,474.13
14162,174,2,289.36,144.68
14163,87,5,2594.62,518.92
14164,71,2,1631.77,815.88
14165,276,1,122.54,122.54
14166,505,2,256.85,128.43
14167,39,8,1296.49,162.06
14168,421,2,370.45,185.22
14169,431,2,624.43,312.22
14170,375,3,597.33,199.11
14171,98,2,498.79,249.4
14172,605,3,402.72,134.24
14173,11,6,586.0,97.67
14174,33,1,134.46,134.46
14175,60,8,7678.88,959.86
14176,297,5,916.01,183.2
14177,86,13,2229.34,171.49
14178,9,7,1620.93,231.56
14179,41,2,719.78,359.89
14180,11,33,6319.25,191.49
14181,411,2,310.55,155.28
14182,444,4,678.77,169.69
14183,411,2,286.29,143.15
14184,67,1,452.89,452.89
14185,331,1,197.65,197.65
14186,427,5,1550.63,310.13
14187,474,1,123.5,123.5
14188,31,6,2054.36,342.39
14189,2,16,5814.39,363.4
14190,666,1,79.9,79.9
14191,2,15,4817.66,321.18
14192,388,1,293.74,293.74
14193,68,3,1210.19,403.4
14194,5,36,18670.59,518.63
14195,202,6,2615.6,435.93
14196,107,1,335.52,335.52
14197,411,1,390.05,390.05
14198,18,9,1569.73,174.41
14199,218,4,1091.7,272.92
14200,617,1,379.2,379.2
14201,60,10,1193.54,119.35
14202,381,3,847.76,282.59
14203,397,1,339.34,339.34
14204,2,4,1062.96,265.74
14205,17,9,2414.2,268.24
14206,239,3,1185.01,395.0
14207,688,1,157.8,157.8
14208,95,2,567.05,283.52
14209,11,15,4993.27,332.88
14210,106,16,5861.52,366.34
14211,53,18,4402.29,244.57
14212,90,2,2190.14,1095.07
14213,405,1,1192.2,1192.2
14214,31,5,1004.38,200.88
14215,12,9,3416.33,379.59
14216,3,5,2150.04,430.01
14217,2,23,3416.89,148.56
14218,43,1,169.48,169.48
14219,4,3,633.83,211.28
14220,247,4,1515.0,378.75
14221,42,17,6517.49,383.38
14222,177,1,683.17,683.17
14223,92,3,991.13,330.38
14224,110,9,1897.9,210.88
14225,435,4,2037.02,509.26
14226,29,6,3002.53,500.42
14227,26,15,6368.71,424.58
14228,438,3,745.5,248.5
14229,52,7,2594.04,370.58
14230,436,3,979.8,326.6
14231,184,4,1235.62,308.91
14232,43,5,2048.07,409.61
14233,49,7,2904.27,414.9
14234,22,4,775.46,193.86
14235,75,9,4717.99,524.22
14236,81,5,1744.64,348.93
14237,373,2,632.14,316.07
14238,326,3,434.23,144.74
14239,43,21,4263.17,203.01
14240,30,3,1247.49,415.83
14241,184,2,333.7,166.85
14242,235,2,280.55,140.28
14243,9,17,7431.05,437.12
14244,661,1,366.42,366.42
14245,220,2,1693.45,846.72
14246,111,3,1474.06,491.35
14247,278,5,772.66,154.53
14248,318,3,1032.95,344.32
14249,411,12,5625.46,468.79
14250,7,3,1904.05,634.68
14251,2,5,2879.7,575.94
14252,381,1,350.99,350.99
14253,493,2,363.4,181.7
14254,433,1,601.03,601.03
14255,546,1,1000.63,1000.63
14256,260,5,2473.99,494.8
14257,64,9,5954.45,661.61
14258,9,25,32051.34,1282.05
14259,142,1,120.0,120.0
14260,471,3,824.28,274.76
14261,51,2,1163.45,581.72
14262,8,8,2618.23,327.28
14263,423,1,322.93,322.93
14264,155,6,1517.36,252.89
14265,109,4,1373.35,343.34
14266,428,1,40.56,40.56
14267,163,3,1516.24,505.41
14268,471,1,354.85,354.85
14269,439,1,295.73,295.73
14270,332,1,492.65,492.65
14271,226,2,219.13,109.56
14272,74,4,920.81,230.2
14273,51,4,559.97,139.99
14274,686,1,256.6,256.6
14275,396,6,1189.38,198.23
14276,99,7,2102.68,300.38
14277,15,9,17225.81,1913.98
14278,410,1,205.83,205.83
14279,521,2,191.86,95.93
14280,197,1,134.04,134.04
14281,408,1,245.15,245.15
14282,3,25,7849.66,313.99
14283,463,4,628.44,157.11
14284,31,3,1299.65,433.22
14285,21,8,3284.42,410.55
14286,24,7,8479.76,1211.39
14287,8,3,176.63,58.88
14288,213,1,426.6,426.6
14289,9,6,911.26,151.88
14290,11,8,4516.56,564.57
14291,2,23,7904.1,343.66
14292,8,16,9226.25,576.64
14293,3,9,3267.93,363.1
14294,407,1,375.34,375.34
14295,40,5,2362.91,472.58
14296,421,2,456.4,228.2
14297,18,4,1305.33,326.33
14298,8,82,91194.49,1112.13
14299,8,27,14499.49,537.02
14300,19,1,43.2,43.2
14301,117,4,1992.18,498.04
14302,431,3,742.9,247.63
14303,407,2,277.94,138.97
14304,223,3,1725.01,575.0
14305,71,3,1858.96,619.65
14306,51,6,3151.4,525.23
14307,89,10,5071.03,507.1
14308,549,2,1147.02,573.51
14309,8,11,3780.81,343.71
14310,433,1,492.1,492.1
14311,243,2,516.45,258.23
14312,47,11,3090.29,280.94
14314,107,2,229.8,114.9
14315,45,8,3197.82,399.73
14316,422,5,1370.34,274.07
14317,65,1,508.58,508.58
14318,460,1,158.02,158.02
14319,424,1,494.85,494.85
14320,207,5,1346.75,269.35
14321,11,7,2218.06,316.87
14322,429,4,474.1,118.52
14323,115,2,605.06,302.53
14324,410,2,701.61,350.8
14325,570,1,245.48,245.48
14326,242,3,940.98,313.66
14327,163,6,1894.93,315.82
14328,438,1,445.05,445.05
14329,17,15,9927.22,661.81
14330,624,1,200.63,200.63
14331,124,2,462.66,231.33
14332,23,5,1943.51,388.7
14333,68,1,415.2,415.2
14334,17,12,4318.48,359.87
14335,16,2,468.26,234.13
14336,17,4,1614.91,403.73
14338,161,3,928.1,309.37
14339,243,2,620.27,310.14
14340,219,1,134.7,134.7
14341,45,18,4467.32,248.18
14342,21,6,918.44,153.07
14343,421,4,1088.91,272.23
14344,127,20,3333.7,166.68
14345,39,1,108.98,108.98
14346,121,5,2315.75,463.15
14347,737,1,82.6,82.6
14348,260,1,409.57,409.57
14349,10,1,133.5,133.5
14350,274,3,972.03,324.01
14351,165,1,51.0,51.0
14352,157,4,1078.96,269.74
14353,215,3,376.5,125.5
14354,6,2,163.62,81.81
14355,366,3,1014.45,338.15
14356,80,2,701.23,350.62
14357,43,1,225.77,225.77
14358,389,2,400.06,200.03
14359,19,3,912.18,304.06
14360,32,4,2128.23,532.06
14361,579,1,214.71,214.71
14362,22,1,161.2,161.2
14363,402,2,227.47,113.74
14364,109,8,3717.35,464.67
14365,395,2,634.68,317.34
14366,525,1,136.0,136.0
14367,8,16,9261.52,578.84
14368,320,1,155.0,155.0
14369,642,2,469.13,234.56
14370,451,6,1175.78,195.96
14371,295,1,100.5,100.5
14372,443,2,860.08,430.04
14373,358,1,76.55,76.55
14374,541,1,108.0,108.0
14375,185,3,1132.99,377.66
14376,683,1,215.46,215.46
14377,191,2,617.05,308.52
14378,622,1,131.25,131.25
14379,44,4,1268.91,317.23
14380,682,1,48.96,48.96
14381,52,2,631.34,315.67
14382,26,2,1246.8,623.4
14383,38,3,1247.69,415.9
14384,501,1,58.5,58.5
14385,9,3,202.11,67.37
14386,297,1,142.4,142.4
14387,33,3,1770.56,590.19
14388,10,16,6701.0,418.81
14389,65,5,1898.01,379.6
14390,10,13,6399.83,492.29
14391,577,1,135.6,135.6
14392,432,1,266.4,266.4
14393,218,1,67.95,67.95
14394,565,1,93.8,93.8
14395,2,20,8208.01,410.4
14396,65,7,2121.93,303.13
14397,3,19,2612.96,137.52
14398,401,2,707.79,353.9
14399,394,8,2113.16,264.14
14400,149,3,1732.47,577.49
14401,4,22,6795.9,308.9
14402,652,1,285.6,285.6
14403,130,6,1880.51,313.42
14404,34,13,2899.11,223.01
14405,387,1,195.0,195.0
14406,119,1,156.75,156.75
14407,107,6,2157.73,359.62
14408,11,11,4109.77,373.62
14409,71,9,3756.09,417.34
14410,92,11,2651.14,241.01
14411,311,1,1063.0,1063.0
14412,43,3,1426.19,475.4
14413,362,4,770.37,192.59
14414,92,8,2399.33,299.92
14415,1,23,12091.6,525.72
14416,22,2,490.22,245.11
14417,388,1,604.2,604.2
14418,4,3,1937.25,645.75
14419,11,7,1260.91,180.13
14420,99,4,1639.17,409.79
14421,57,6,2469.37,411.56
14422,1,19,10271.52,540.61
14423,218,3,916.61,305.54
14424,18,1,322.08,322.08
14425,435,3,661.39,220.46
14426,24,17,11727.94,689.88
14427,50,4,1263.52,315.88
14428,7,5,1244.83,248.97
14429,404,1,516.28,516.28
14430,512,3,1220.9,406.97
14431,303,4,2614.2,653.55
14432,10,6,2255.51,375.92
14433,466,1,289.6,289.6
14434,22,6,1372.8,228.8
14435,502,1,90.42,90.42
14436,99,2,271.7,135.85
14437,366,5,958.84,191.77
14438,306,1,131.9,131.9
14439,320,5,9443.04,1888.61
14440,8,13,6638.73,510.67
14441,1,11,4611.69,419.24
14442,205,7,5367.02,766.72
14443,54,5,2386.47,477.29
14444,456,1,132.04,132.04
14445,456,1,221.65,221.65
14446,1,5,1241.31,248.26
14447,19,6,1711.73,285.29
14448,9,2,375.35,187.68
14449,19,8,2482.8,310.35
14450,181,7,1128.44,161.21
14451,60,12,3308.77,275.73
14452,11,4,665.59,166.4
14453,190,1,119.93,119.93
14454,376,5,977.3,195.46
14455,432,4,628.21,157.05
14456,5,9,3062.4,340.27
14457,311,1,113.64,113.64
14458,381,1,237.42,237.42
14459,155,2,5375.74,2687.87
14460,110,9,1093.5,121.5
14461,148,13,6713.5,516.42
14462,66,12,2270.01,189.17
14463,98,4,786.57,196.64
14464,568,2,111.0,55.5
14465,247,11,3946.03,358.73
14466,29,13,4646.9,357.45
14467,18,12,2220.99,185.08
14468,734,1,204.24,204.24
14469,416,4,2112.21,528.05
14470,12,3,712.04,237.35
14471,591,2,400.95,200.48
14472,104,9,2228.22,247.58
14473,74,2,234.34,117.17
14474,46,2,1278.08,639.04
14475,72,4,1151.15,287.79
14476,257,1,215.7,215.7
14477,20,7,1969.6,281.37
14478,382,4,1276.66,319.17
14479,254,4,1299.11,324.78
14480,11,4,1299.52,324.88
14481,165,5,2311.49,462.3
14482,18,12,4357.91,363.16
14483,282,2,257.1,128.55
14484,50,4,1070.98,267.74
14485,39,1,165.75,165.75
14486,512,2,175.5,87.75
14487,27,7,1453.61,207.66
14488,68,1,1064.28,1064.28
14489,207,4,1574.93,393.73
14490,406,2,1273.47,636.74
14491,175,2,468.13,234.06
14492,430,7,1921.91,274.56
14493,7,10,5130.15,513.02
14494,26,3,401.46,133.82
14495,51,3,174.8,58.27
14496,312,7,2668.23,381.18
14497,309,2,697.06,348.53
14498,43,10,3911.27,391.13
14499,26,7,2138.97,305.57
14500,88,3,356.85,118.95
14501,184,2,251.21,125.6
14502,20,11,2470.67,224.61
14503,3,6,3543.26,590.54
14504,47,4,673.26,168.32
14505,17,19,12001.84,631.68
14506,17,7,3290.67,470.1
14507,24,11,3284.43,298.58
14508,22,5,874.94,174.99
14509,534,1,110.95,110.95
14510,376,3,1007.28,335.76
14511,11,5,1314.81,262.96
14512,188,7,1223.47,174.78
14513,101,6,788.01,131.34
14514,61,9,4598.98,511.0
14515,18,12,3749.26,312.44
14516,516,1,163.92,163.92
14517,33,2,330.45,165.22
14518,64,1,174.37,174.37
14519,684,2,206.09,103.04
14520,2,2,270.6,135.3
14521,491,1,199.45,199.45
14522,24,8,1758.62,219.83
14523,108,1,241.09,241.09
14524,32,13,2933.71,225.67
14525,20,17,8240.64,484.74
14526,389,1,262.4,262.4
14527,3,122,27792.3,227.81
14528,37,1,364.22,364.22
14529,60,3,620.04,206.68
14530,26,16,6197.4,387.34
14531,480,1,376.34,376.34
14532,236,11,3859.18,350.83
14533,25,11,3466.37,315.12
14534,3,26,6271.11,241.2
14535,60,9,6030.73,670.08
14536,260,1,171.8,171.8
14537,58,2,641.4,320.7
14538,65,5,1370.84,274.17
14539,16,2,537.48,268.74
14540,10,11,3795.34,345.03
14541,59,14,2499.68,178.55
14542,186,1,103.25,103.25
14543,29,39,14906.77,382.22
14544,24,3,2982.43,994.14
14545,674,1,349.25,349.25
14546,5,11,5197.9,472.54
14547,4,8,4007.54,500.94
14548,151,9,2627.49,291.94
14549,311,4,916.55,229.14
14550,11,4,1353.31,338.33
14551,18,7,880.04,125.72
14552,152,3,511.28,170.43
14553,19,9,1841.54,204.62
14554,10,4,2381.04,595.26
14555,57,6,2315.63,385.94
14556,596,3,835.34,278.45
14557,85,1,788.38,788.38
14558,654,3,655.5,218.5
14559,390,1,75.6,75.6
14560,7,44,6114.03,138.96
14561,76,3,1080.76,360.25
14562,4,26,6729.4,258.82
14563,510,2,679.44,339.72
14564,435,2,2605.62,1302.81
14565,96,5,3859.22,771.84
14566,111,4,4092.0,1023.0
14567,57,2,1530.36,765.18
14568,435,1,919.7,919.7
14569,1,4,598.98,149.74
14570,281,3,613.75,204.58
14571,425,1,161.65,161.65
14572,3,11,5615.18,510.47
14573,180,13,2621.42,201.65
14574,733,1,143.7,143.7
14575,488,1,460.71,460.71
14576,372,1,70.8,70.8
14577,13,7,1374.25,196.32
14578,3,1,168.63,168.63
14579,432,1,105.56,105.56
14580,518,1,14.85,14.85
14581,17,2,433.8,216.9
14582,41,1,114.11,114.11
14583,6,8,1781.03,222.63
14584,169,8,1747.91,218.49
14585,50,5,1143.27,228.65
14586,277,1,237.36,237.36
14587,19,9,1601.14,177.9
14588,578,1,135.39,135.39
14589,372,1,79.5,79.5
14590,425,20,3006.62,150.33
14591,15,4,1447.14,361.78
14592,35,3,570.46,190.15
14593,22,12,3712.01,309.33
14594,7,2,634.83,317.42
14595,20,8,2164.45,270.56
14596,627,1,229.47,229.47
14597,11,6,2201.54,366.92
14598,44,2,384.04,192.02
14599,390,2,474.54,237.27
14600,306,2,865.17,432.58
14601,11,1,213.96,213.96
14602,656,1,205.36,205.36
14603,275,1,660.0,660.0
14604,633,1,143.86,143.86
14605,374,4,937.16,234.29
14606,1,192,30861.06,160.73
14607,16,22,24137.63,1097.16
14608,4,11,3352.94,304.81
14609,72,10,1486.2,148.62
14610,396,2,24.35,12.18
14611,444,2,604.33,302.16
14612,415,1,877.7,877.7
14613,680,1,76.32,76.32
14614,386,1,295.13,295.13
14615,394,5,951.76,190.35
14616,243,5,527.78,105.56
14617,403,2,190.47,95.24
14618,9,7,1342.32,191.76
14619,246,2,1291.24,645.62
14620,206,2,412.78,206.39
14621,1,9,3000.57,333.4
14622,185,1,320.58,320.58
14623,32,10,2059.58,205.96
14624,57,6,814.07,135.68
14625,196,11,4497.88,408.9
14626,24,11,5410.92,491.9
14627,379,1,462.75,462.75
14628,91,5,1998.0,399.6
14629,4,2,959.01,479.5
14630,484,1,338.65,338.65
14631,51,6,2025.69,337.62
14632,263,1,114.56,114.56
14633,266,1,344.9,344.9
14634,438,4,2124.46,531.12
14635,454,1,215.22,215.22
14636,36,2,609.85,304.92
14637,677,1,106.68,106.68
14638,51,1,443.6,443.6
14639,52,9,4978.96,553.22
14640,24,10,3667.06,366.71
14641,22,1,110.46,110.46
14642,59,1,96.12,96.12
14643,170,5,1679.89,335.98
14644,68,7,2247.72,321.1
14645,157,3,876.89,292.3
14646,2,151,528602.52,3500.68
14647,201,2,519.97,259.98
14648,416,15,4546.86,303.12
14649,5,9,3775.31,419.48
14650,589,1,62.5,62.5
14651,67,9,2034.12,226.01
14652,77,1,114.18,114.18
14653,1,12,3614.54,301.21
14654,738,1,246.86,246.86
14655,8,7,3878.51,554.07
14656,169,5,814.65,162.93
14657,18,6,1460.87,243.48
14658,5,2,247.15,123.58
14659,9,9,2529.93,281.1
14660,87,2,285.74,142.87
14661,27,1,107.95,107.95
14662,29,7,1416.33,202.33
14663,430,2,490.6,245.3
14664,20,2,637.89,318.94
14665,61,7,2749.65,392.81
14666,24,1,195.25,195.25
14667,11,54,21927.14,406.06
14668,445,1,111.63,111.63
14669,242,7,3243.93,463.42
14670,280,3,602.0,200.67
14671,549,2,1127.45,563.72
14672,235,4,1113.14,278.29
14673,3,7,3410.81,487.26
14674,509,1,173.66,173.66
14675,16,2,1066.9,533.45
14676,31,12,8356.79,696.4
14677,593,1,184.91,184.91
14678,579,1,403.39,403.39
14679,382,3,1289.44,429.81
14680,25,58,57412.77,989.88
14681,71,6,875.15,145.86
14682,188,6,1514.81,252.47
14683,588,1,146.56,146.56
14684,26,6,1468.55,244.76
14685,576,8,4619.79,577.47
14686,414,5,885.83,177.17
14687,107,3,1402.06,467.35
14688,8,28,7713.57,275.48
14689,209,1,112.8,112.8
14690,44,4,794.33,198.58
14691,31,5,2114.33,422.87
14692,137,12,1745.09,145.42
14693,265,7,1165.36,166.48
14694,617,1,244.31,244.31
14695,519,3,1620.07,540.02
14696,4,8,2767.9,345.99
14697,218,2,188.61,94.3
14698,2,5,1250.76,250.15
14699,214,4,702.6,175.65
14700,32,5,3116.26,623.25
14701,11,15,4562.09,304.14
14702,1,29,6754.22,232.9
14703,15,1,318.17,318.17
14704,11,11,1813.57,164.87
14705,199,1,179.0,179.0
14706,619,1,390.69,390.69
14707,436,2,139.2,69.6
14708,3,5,2212.28,442.46
14709,15,25,8886.33,355.45
14710,14,13,1922.59,147.89
14711,10,11,2868.8,260.8
14712,29,4,1328.07,332.02
14713,9,21,5418.87,258.04
14714,24,4,906.24,226.56
14715,25,8,1840.45,230.06
14716,43,3,565.45,188.48
14717,733,1,81.3,81.3
14718,410,1,226.42,226.42
14719,2,5,1602.13,320.43
14720,6,3,663.81,221.27
14721,379,1,115.77,115.77
14722,147,3,513.37,171.12
14723,10,11,2093.06,190.28
14724,590,1,345.25,345.25
14725,25,4,1315.24,328.81
14726,655,1,124.75,124.75
14727,274,3,467.93,155.98
14728,413,1,190.58,190.58
14729,374,3,907.38,302.46
14730,1,8,2005.06,250.63
14731,47,3,380.02,126.67
14732,8,19,5517.07,290.37
14733,16,15,16184.97,1079.0
14734,426,4,1056.42,264.1
14735,4,56,12240.16,218.57
14736,485,2,401.08,200.54
14737,4,4,3554.17,888.54
14738,43,9,1821.9,202.43
14739,4,25,12287.5,491.5
14740,197,11,4161.06,378.28
14741,12,7,1897.59,271.08
14742,435,1,579.85,579.85
14743,593,1,50.48,50.48
14744,16,14,3885.08,277.51
14745,113,12,2571.81,214.32
14746,406,4,593.5,148.38
14747,249,1,328.2,328.2
14748,29,10,3152.32,315.23
14749,480,1,310.15,310.15
14750,736,1,112.03,112.03
14751,684,2,126.45,63.22
14752,44,1,389.64,389.64
14753,87,2,869.51,434.76
14754,45,6,1550.48,258.41
14755,10,25,9972.55,398.9
14756,15,3,2653.76,884.59
14757,75,1,420.5,420.5
14758,145,7,2864.97,409.28
14759,5,3,1625.97,541.99
14760,297,1,89.2,89.2
14761,59,3,447.92,149.31
14762,264,2,417.57,208.78
14764,47,1,278.3,278.3
14765,29,3,254.11,84.7
14766,8,11,6556.13,596.01
14767,474,1,382.81,382.81
14768,17,2,192.6,96.3
14769,3,17,15771.88,927.76
14770,232,8,3637.64,454.7
14771,621,2,594.62,297.31
14772,112,1,139.26,139.26
14773,593,1,140.55,140.55
14774,529,1,241.45,241.45
14775,58,3,1418.46,472.82
14776,51,15,3708.3,247.22
14777,404,1,307.56,307.56
14778,127,2,730.86,365.43
14779,281,3,386.15,128.72
14780,55,2,447.68,223.84
14782,320,1,200.1,200.1
14783,659,1,307.3,307.3
14784,26,3,449.93,149.98
14785,10,2,77.4,38.7
14786,550,1,90.96,90.96
14787,471,1,110.65,110.65
14788,7,3,1156.32,385.44
14789,29,1,197.64,197.64
14790,17,10,2526.62,252.66
14791,607,1,303.63,303.63
14792,64,1,6.2,6.2
14793,21,2,625.9,312.95
14794,3,10,1953.9,195.39
14795,166,1,131.45,131.45
14796,1,27,10889.64,403.32
14797,507,1,300.31,300.31
14798,53,8,724.31,90.54
14799,51,2,338.15,169.08
14800,48,17,7774.32,457.31
14801,61,1,193.14,193.14
14802,438,2,1502.98,751.49
14803,162,3,845.55,281.85
14804,9,1,353.27,353.27
14805,15,7,1104.64,157.81
14806,75,2,303.43,151.72
14807,391,2,519.29,259.64
14808,40,8,2741.17,342.65
14809,621,2,686.76,343.38
14810,41,13,2537.02,195.16
14811,387,1,170.5,170.5
14812,599,1,185.8,185.8
14813,370,4,1090.87,272.72
14814,581,1,160.46,160.46
14815,37,2,778.5,389.25
14816,197,1,271.85,271.85
14817,200,7,3959.86,565.69
14818,74,6,1170.41,195.07
14819,64,4,470.16,117.54
14820,21,9,1274.76,141.64
14821,367,7,1286.45,183.78
14822,485,1,157.7,157.7
14823,180,3,321.43,107.14
14824,10,10,4022.91,402.29
14825,4,24,4925.08,205.21
14826,582,2,385.2,192.6
14828,197,13,9839.46,756.88
14829,29,7,1692.84,241.83
14830,53,1,197.13,197.13
14831,680,3,1676.57,558.86
14832,630,1,322.69,322.69
14833,499,1,94.8,94.8
14834,18,7,2206.16,315.17
14835,529,2,297.0,148.5
14836,10,3,102.45,34.15
14837,90,9,3460.32,384.48
14838,423,2,773.67,386.84
14839,418,3,915.28,305.09
14840,268,2,362.71,181.36
14841,53,14,7163.0,511.64
14842,44,4,2824.69,706.17
14843,437,1,211.8,211.8
14844,64,10,6702.43,670.24
14845,600,1,150.0,150.0
14846,427,1,437.4,437.4
14847,149,3,1348.95,449.65
14848,405,1,310.56,310.56
14849,22,43,15763.45,366.59
14850,312,7,1794.01,256.29
14851,23,3,829.41,276.47
14852,58,18,6147.18,341.51
14853,24,5,1376.87,275.37
14854,78,11,4322.86,392.99
14855,119,7,6520.3,931.47
14856,36,3,1311.38,437.13
14857,60,7,3651.85,521.69
14858,506,1,180.75,180.75
14859,13,5,1705.64,341.13
14860,19,1,170.32,170.32
14861,52,10,1380.73,138.07
14862,26,2,841.2,420.6
14863,29,1,266.76,266.76
14865,7,4,129.72,32.43
14866,11,19,20850.22,1097.38
14867,186,16,2952.06,184.5
14868,3,12,4184.01,348.67
14869,9,6,2804.24,467.37
14870,262,6,1838.95,306.49
14871,3,9,1258.97,139.89
14872,484,3,816.6,272.2
14873,210,2,854.13,427.06
14874,535,1,116.18,116.18
14875,108,3,2862.4,954.13
14876,521,2,256.7,128.35
14877,418,2,437.0,218.5
14878,13,25,4105.24,164.21
14879,685,1,185.06,185.06
14880,77,3,706.19,235.4
14881,20,1,255.4,255.4
14882,27,14,3628.15,259.15
14883,19,6,761.59,126.93
14884,669,1,120.6,120.6
14885,132,3,1598.12,532.71
14886,253,1,364.8,364.8
14887,79,1,1862.0,1862.0
14888,207,1,369.2,369.2
14889,336,1,135.9,135.9
14890,254,3,817.25,272.42
14891,148,4,1106.73,276.68
14892,691,1,202.35,202.35
14893,10,3,1809.61,603.2
14894,85,3,1492.81,497.6
14895,8,38,25119.54,661.04
14896,205,8,2092.42,261.55
14897,8,8,3140.54,392.57
14898,23,14,3507.81,250.56
14899,395,1,1384.88,1384.88
14900,522,1,13.92,13.92
14901,11,12,2289.65,190.8
14902,26,3,1035.62,345.21
14903,21,5,2810.63,562.13
14904,2,4,1640.64,410.16
14905,158,8,1971.39,246.42
14906,445,1,68.44,68.44
14907,3,16,6165.79,385.36
14908,74,2,381.9,190.95
14909,437,3,1404.68,468.23
14910,3,4,434.35,108.59
14911,1,398,295972.63,743.65
14912,17,6,1889.25,314.88
14913,36,8,4073.13,509.14
14915,91,11,1811.25,164.66
14916,71,8,3042.95,380.37
14917,597,2,1123.75,561.88
14918,116,9,5955.81,661.76
14919,539,1,359.35,359.35
14920,213,3,1607.17,535.72
14921,30,2,1316.07,658.04
14922,394,2,843.74,421.87
14923,51,1,749.1,749.1
14924,246,3,931.01,310.34
14926,382,2,359.4,179.7
14927,397,1,308.2,308.2
14928,628,1,223.91,223.91
14929,32,2,836.69,418.34
14930,109,6,5246.63,874.44
14931,5,5,1257.68,251.54
14932,366,2,1029.66,514.83
14933,444,4,1770.0,442.5
14934,82,5,3503.5,700.7
14935,297,2,2849.83,1424.92
14936,34,12,12410.81,1034.23
14937,57,3,1621.88,540.63
14938,562,2,2322.43,1161.21
14940,418,2,531.49,265.74
14941,579,1,182.1,182.1
14942,402,4,746.56,186.64
14943,663,1,107.62,107.62
14944,30,19,9784.67,514.98
14945,414,1,179.4,179.4
14946,14,1,100.9,100.9
14947,72,6,1049.79,174.96
14948,23,6,1101.97,183.66
14949,469,4,515.0,128.75
14950,19,1,371.2,371.2
14951,79,1,311.69,311.69
14952,60,32,17629.35,550.92
14953,25,4,1013.77,253.44
14954,12,2,503.44,251.72
14955,733,1,163.77,163.77
14956,421,1,1325.0,1325.0
14957,253,2,333.29,166.64
14958,147,6,957.94,159.66
14959,64,4,695.42,173.86
14960,8,2,221.27,110.64
14961,11,22,16410.15,745.92
14962,271,4,366.91,91.73
14963,10,12,3164.48,263.71
14964,247,1,206.21,206.21
14965,96,2,599.0,299.5
14966,15,6,1115.84,185.97
14967,50,6,1982.61,330.44
14968,30,2,504.99,252.5
14969,704,1,906.23,906.23
14970,68,12,4919.35,409.95
14971,35,3,1116.57,372.19
14972,128,2,145.07,72.54
14973,107,3,1314.45,438.15
14974,37,1,114.39,114.39
14975,57,2,472.39,236.2
14976,57,7,790.86,112.98
14977,726,1,31.93,31.93
14978,72,10,3142.14,314.21
14979,735,1,439.46,439.46
14980,737,1,150.68,150.68
14981,246,2,372.92,186.46
14982,572,1,237.78,237.78
14983,689,1,183.2,183.2
14984,19,6,1271.41,211.9
14985,198,2,296.75,148.38
14986,376,2,566.9,283.45
14987,16,8,1713.85,214.23
14988,212,7,2066.6,295.23
14989,662,1,342.4,342.4
14990,612,2,305.42,152.71
14991,430,1,314.67,314.67
14992,442,1,210.5,210.5
14993,564,1,36.13,36.13
14994,382,5,960.63,192.13
14995,39,2,233.23,116.62
14996,481,2,442.29,221.14
14997,46,4,776.6,194.15
14998,170,4,770.73,192.68
14999,593,1,129.48,129.48
15000,48,1,490.52,490.52
15001,394,2,230.86,115.43
15002,116,9,4817.28,535.25
15003,473,6,1060.7,176.78
15004,147,1,1246.32,1246.32
15005,16,56,14106.2,251.9
15006,51,2,825.14,412.57
15007,159,1,156.91,156.91
15008,480,2,360.0,180.0
15009,12,3,1261.78,420.59
15010,36,1,308.94,308.94
15011,396,2,416.6,208.3
15012,54,3,860.62,286.87
15013,488,10,1641.3,164.13
15014,43,2,260.17,130.08
15015,501,13,2365.02,181.92
15016,173,5,630.3,126.06
15017,34,1,125.58,125.58
15018,39,3,607.46,202.49
15019,267,1,266.0,266.0
15020,379,1,203.42,203.42
15021,9,12,2783.83,231.99
15022,12,5,1186.09,237.22
15023,3,20,12170.68,608.53
15024,10,16,4075.51,254.72
15025,33,2,1013.09,506.54
15026,80,5,1061.61,212.32
15027,31,10,3195.6,319.56
15028,8,6,1157.71,192.95
15029,620,1,365.1,365.1
15030,72,8,1979.91,247.49
15031,4,14,3156.58,225.47
15032,256,8,13780.65,1722.58
15033,5,10,2586.67,258.67
15034,16,14,8313.4,593.81
15035,90,1,252.73,252.73
15036,72,3,465.55,155.18
15037,376,2,402.51,201.26
15038,59,9,1309.86,145.54
15039,10,93,40031.43,430.45
15040,542,1,7.49,7.49
15041,170,2,294.02,147.01
15042,199,2,315.45,157.72
15043,31,6,2873.8,478.97
15044,19,35,16204.33,462.98
15045,152,2,735.66,367.83
15046,9,25,7812.39,312.5
15047,270,1,343.62,343.62
15048,65,4,482.75,120.69
15049,274,1,121.17,121.17
15050,25,5,4193.79,838.76
15051,23,9,3935.16,437.24
15052,319,1,215.78,215.78
15053,5,3,697.79,232.6
15054,12,2,302.1,151.05
15055,475,3,560.07,186.69
15056,520,1,133.45,133.45
15057,275,5,3255.96,651.19
15058,25,16,3410.03,213.13
15059,41,19,3523.57,185.45
15060,8,4,303.09,75.77
15061,4,127,137818.52,1085.19
15062,71,8,2585.62,323.2
15063,213,1,370.8,370.8
15064,410,4,1254.41,313.6
15065,38,5,3326.86,665.37
15066,53,1,893.59,893.59
15067,78,5,3877.88,775.58
15068,46,4,1176.85,294.21
15069,179,1,1109.53,1109.53
15070,373,3,843.25,281.08
15071,94,4,1455.56,363.89
15072,479,1,187.52,187.52
15073,10,8,2788.02,348.5
15074,105,3,1566.33,522.11
15075,78,1,773.03,773.03
15076,173,3,1447.74,482.58
15077,495,2,2428.08,1214.04
15078,7,53,17761.88,335.13
15079,213,11,3767.35,342.49
15080,428,2,546.25,273.12
15081,22,12,1965.72,163.81
15082,669,1,93.35,93.35
15083,257,1,88.2,88.2
15084,380,2,965.2,482.6
15085,730,1,347.54,347.54
15086,565,2,218.53,109.26
15087,282,1,306.94,306.94
15088,21,2,1160.07,580.04
15089,10,6,2420.84,403.47
15090,308,1,381.32,381.32
15091,68,3,1046.61,348.87
15092,215,3,776.46,258.82
15093,18,23,14326.11,622.87
15094,463,2,83.0,41.5
15095,104,10,3141.64,314.16
15096,43,1,219.39,219.39
15097,4,3,908.35,302.78
15098,182,3,39916.5,13305.5
15099,84,1,410.48,410.48
15100,334,7,2894.7,413.53
15101,9,6,1477.94,246.32
15102,531,2,554.67,277.33
15103,31,2,703.36,351.68
15104,197,2,1027.44,513.72
15105,18,9,3094.91,343.88
15106,18,5,1422.52,284.5
15107,311,9,940.35,104.48
15108,142,4,1300.25,325.06
15109,246,3,983.1,327.7
15110,24,6,1505.85,250.98
15111,29,5,2730.87,546.17
15112,611,1,209.4,209.4
15113,10,3,3609.33,1203.11
15114,30,12,3400.12,283.34
15115,18,2,531.85,265.92
15116,18,4,1352.75,338.19
15117,15,8,2485.97,310.75
15118,134,1,244.8,244.8
15119,246,1,266.4,266.4
15120,134,1,358.82,358.82
15121,50,2,457.72,228.86
15122,114,11,4497.47,408.86
15123,7,5,4656.17,931.23
15124,23,4,450.82,112.7
15125,25,24,17024.87,709.37
15126,537,2,449.49,224.74
15127,66,2,711.5,355.75
15128,60,5,1783.68,356.74
15129,50,23,6860.18,298.27
15130,170,1,330.11,330.11
15131,395,1,80.28,80.28
15132,18,5,977.93,195.59
15133,128,5,1806.9,361.38
15134,15,10,1596.29,159.63
15135,239,2,305.68,152.84
15136,3,4,1286.7,321.68
15137,521,2,823.4,411.7
15138,394,1,502.52,502.52
15139,240,2,178.96,89.48
15140,52,8,3243.69,405.46
15141,458,7,1388.47,198.35
15142,46,6,2619.92,436.65
15143,226,2,563.63,281.82
15144,8,29,12160.31,419.32
15145,4,4,1194.73,298.68
15146,165,2,1327.16,663.58
15147,240,1,623.5,623.5
15148,11,1,301.29,301.29
15149,134,5,1554.61,310.92
15150,17,13,9001.08,692.39
15151,423,2,2085.61,1042.8
15152,10,14,5263.83,375.99
15153,31,1,329.25,329.25
15154,75,3,1388.41,462.8
15155,383,1,383.97,383.97
15156,1,3,961.49,320.5
15157,4,5,2654.11,530.82
15158,45,2,606.02,303.01
15159,2,34,22116.73,650.49
15160,357,4,589.27,147.32
15161,388,1,119.92,119.92
15162,731,1,312.9,312.9
15163,18,2,304.47,152.24
15164,69,9,2068.92,229.88
15165,373,1,975.5,975.5
15166,468,1,167.16,167.16
15167,321,5,1659.67,331.93
15168,26,1,106.56,106.56
15169,382,2,569.22,284.61
15170,407,1,81.15,81.15
15171,331,1,1289.5,1289.5
15172,9,5,1624.05,324.81
15173,381,7,1494.6,213.51
15174,323,2,481.46,240.73
15175,72,1,224.14,224.14
15176,668,1,988.04,988.04
15177,426,1,948.93,948.93
15178,260,1,40.5,40.5
15179,18,13,7491.92,576.3
15180,367,3,904.43,301.48
15181,66,5,1200.2,240.04
15182,154,11,2998.95,272.63
15183,548,3,639.93,213.31
15184,29,4,689.95,172.49
15185,70,1,310.62,310.62
15186,14,5,1403.2,280.64
15187,2,16,4777.18,298.57
15188,725,1,310.43,310.43
15189,1,46,17524.38,380.96
15190,434,1,834.44,834.44
15191,463,3,588.05,196.02
15192,120,5,1981.39,396.28
15193,61,1,499.32,499.32
15194,3,28,12427.69,443.85
15195,3,1,3861.0,3861.0
15196,433,2,316.25,158.12
15197,11,6,1877.51,312.92
15198,92,5,571.35,114.27
15199,59,10,3122.4,312.24
15200,495,1,549.05,549.05
15201,87,7,1842.95,263.28
15202,420,3,6001.49,2000.5
15203,26,15,4400.18,293.35
15204,357,1,316.58,316.58
15205,85,2,653.24,326.62
15206,10,4,420.3,105.07
15207,416,3,683.92,227.97
15208,1,6,970.52,161.75
15209,730,1,178.98,178.98
15210,225,3,1176.19,392.06
15211,60,2,1277.48,638.74
15212,241,2,208.28,104.14
15213,319,2,328.35,164.18
15214,2,8,1661.44,207.68
15215,47,7,2422.43,346.06
15216,88,2,486.09,243.04
15217,563,1,426.24,426.24
15218,11,22,11516.57,523.48
15219,176,2,685.45,342.72
15220,52,6,1778.96,296.49
15221,366,4,2465.45,616.36
15222,319,11,3550.91,322.81
15223,226,5,1417.95,283.59
15224,358,5,871.36,174.27
15225,234,1,409.4,409.4
15226,311,1,154.41,154.41
15227,37,9,2488.49,276.5
15228,66,6,5580.27,930.04
15229,586,1,160.5,160.5
15230,239,2,429.6,214.8
15231,621,1,250.26,250.26
15232,113,2,612.06,306.03
15233,401,1,59.4,59.4
15234,277,1,197.0,197.0
15235,218,16,2937.81,183.61
15236,299,1,321.05,321.05
15237,2,4,1412.32,353.08
15238,29,3,1071.99,357.33
15239,10,2,780.59,390.3
15240,45,12,4459.98,371.66
15241,67,11,3050.16,277.29
15242,422,1,302.04,302.04
15243,74,2,927.28,463.64
15244,65,3,912.08,304.03
15245,134,8,4610.84,576.36
15246,238,3,780.4,260.13
15247,122,3,976.06,325.35
15248,411,3,1893.93,631.31
15249,32,18,9266.0,514.78
15250,641,1,60.0,60.0
15251,9,21,20324.54,967.84
15252,36,5,2103.41,420.68
15253,16,8,2055.09,256.89
15254,127,3,1088.35,362.78
15255,67,9,3729.42,414.38
15256,149,2,170.4,85.2
15257,283,2,685.9,342.95
15258,169,2,623.16,311.58
15259,513,4,1182.38,295.59
15260,100,25,9188.23,367.53
15261,135,4,1508.0,377.0
15262,324,3,418.82,139.61
15263,107,1,156.51,156.51
15264,64,2,848.4,424.2
15265,151,4,3345.64,836.41
15266,338,5,852.21,170.44
15267,22,5,1717.36,343.47
15268,479,3,961.9,320.63
15269,24,3,1225.36,408.45
15270,16,21,8524.86,405.95
15271,7,24,4709.54,196.23
15272,57,6,2085.48,347.58
15273,600,1,228.96,228.96
15274,4,2,716.57,358.28
15275,38,1,615.14,615.14
15276,66,4,649.53,162.38
15277,47,2,476.34,238.17
15278,562,4,496.16,124.04
15279,355,5,1580.54,316.11
15280,172,3,406.22,135.41
15281,59,16,8543.57,533.97
15282,570,1,348.59,348.59
15283,390,3,148.33,49.44
15284,500,1,24.75,24.75
15285,408,1,94.92,94.92
15286,50,1,240.55,240.55
15287,22,5,856.03,171.21
15288,43,10,3883.13,388.31
15289,29,5,1593.09,318.62
15290,5,26,10496.28,403.7
15291,26,40,13846.56,346.16
15292,201,1,180.94,180.94
15293,666,1,247.5,247.5
15294,411,1,233.35,233.35
15295,654,1,217.24,217.24
15296,51,12,10342.83,861.9
15297,10,3,641.94,213.98
15298,2,23,9459.37,411.28
15299,67,10,7991.54,799.15
15300,64,1,496.44,496.44
15301,51,17,7603.44,447.26
15302,730,1,308.0,308.0
15303,290,3,1224.18,408.06
15304,61,9,919.55,102.17
15305,555,1,93.6,93.6
15306,64,9,3484.73,387.19
15307,96,1,205.3,205.3
15308,274,1,310.47,310.47
15309,611,4,797.96,199.49
15310,479,1,1634.64,1634.64
15311,1,208,116771.16,561.4
15312,75,12,2930.19,244.18
15313,110,1,52.0,52.0
15314,199,3,820.45,273.48
15315,64,2,570.5,285.25
15316,327,1,165.0,165.0
15317,677,1,129.75,129.75
15318,4,1,312.62,312.62
15319,284,1,204.5,204.5
15320,44,1,267.13,267.13
15321,71,12,6709.73,559.14
15322,86,2,1390.86,695.43
15323,563,3,434.6,144.87
15324,701,1,140.22,140.22
15325,104,8,1602.01,200.25
15326,334,5,1700.52,340.1
15327,53,1,208.75,208.75
15328,408,1,107.24,107.24
15329,39,11,2984.33,271.3
15330,32,2,714.96,357.48
15331,500,3,767.91,255.97
15332,366,6,6553.74,1092.29
15333,208,1,1028.56,1028.56
15334,157,3,351.67,117.22
15335,54,1,173.97,173.97
15336,402,1,240.5,240.5
15337,411,1,373.02,373.02
15338,677,1,283.43,283.43
15339,66,7,1827.84,261.12
15340,562,1,105.5,105.5
15341,81,2,2402.72,1201.36
15342,130,1,406.09,406.09
15343,87,1,364.5,364.5
15344,1,3,563.94,187.98
15345,46,1,393.54,393.54
15346,333,3,596.12,198.71
15347,366,4,1363.6,340.9
15348,72,1,158.04,158.04
15349,158,2,473.81,236.9
15350,373,2,663.25,331.62
15351,12,10,3738.29,373.83
15352,549,1,114.95,114.95
15353,255,7,3175.95,453.71
15354,603,3,284.4,94.8
15355,29,2,277.05,138.52
15356,31,13,3464.95,266.53
15358,5,42,17050.41,405.96
15359,663,8,181.35,22.67
15360,40,1,427.93,427.93
15361,362,4,689.07,172.27
15362,449,2,613.08,306.54
15363,373,2,1004.11,502.06
15364,96,2,913.19,456.6
15365,26,13,4557.13,350.55
15366,75,7,2389.08,341.3
15367,57,11,5081.33,461.94
15368,21,2,722.74,361.37
15369,492,11,6251.26,568.3
15370,41,8,3739.01,467.38
15371,662,1,59.4,59.4
15372,137,8,6017.06,752.13
15373,8,17,3421.39,201.26
15374,129,2,307.32,153.66
15375,690,1,60.96,60.96
15376,40,3,1233.36,411.12
15377,383,4,1211.75,302.94
15378,463,2,246.5,123.25
15379,169,8,4877.84,609.73
15380,9,11,3479.06,316.28
15381,214,5,1890.57,378.11
15382,15,12,13733.55,1144.46
15384,170,4,2027.79,506.95
15385,40,3,942.08,314.03
15386,186,1,394.14,394.14
15387,492,1,468.65,468.65
15388,270,1,140.54,140.54
15389,172,5,2733.8,546.76
15390,396,2,1216.66,608.33
15391,584,1,289.87,289.87
15392,5,7,2911.62,415.95
15393,16,5,891.34,178.27
15394,10,11,5286.8,480.62
15395,326,1,107.45,107.45
15396,113,2,796.38,398.19
15397,290,1,94.0,94.0
15398,16,2,1345.53,672.76
15399,1,3,815.77,271.92
15400,92,8,1302.3,162.79
15401,452,2,216.95,108.48
15402,149,6,1830.54,305.09
15403,492,2,170.88,85.44
15404,376,1,257.06,257.06
15405,189,2,659.84,329.92
15406,31,4,975.87,243.97
15407,34,4,1056.44,264.11
15408,264,1,267.18,267.18
15409,721,1,131.25,131.25
15410,84,10,4685.72,468.57
15411,26,4,1358.88,339.72
15412,171,1,190.53,190.53
15413,692,5,6798.72,1359.74
15414,10,3,774.9,258.3
15415,313,1,572.81,572.81
15416,65,7,4572.82,653.26
15417,85,1,508.8,508.8
15418,425,2,452.32,226.16
15419,25,1,135.86,135.86
15420,434,6,743.0,123.83
15421,59,10,3805.34,380.53
15422,323,7,1619.97,231.42
15423,38,3,266.89,88.96
15424,254,3,597.78,199.26
15425,400,4,1944.57,486.14
15426,19,9,2615.39,290.6
15427,33,3,1483.14,494.38
15428,15,4,762.75,190.69
15429,27,2,397.35,198.68
15430,468,2,954.75,477.38
15431,503,1,153.24,153.24
15432,23,2,320.76,160.38
15433,214,2,533.3,266.65
15434,8,11,2567.06,233.37
15435,22,1,149.29,149.29
15436,12,3,1122.53,374.18
15437,262,2,393.45,196.72
15438,131,1,156.58,156.58
15439,405,4,1269.05,317.26
15440,55,3,383.68,127.89
15441,396,3,1254.21,418.07
15442,249,1,594.0,594.0
15443,2,14,5175.93,369.71
15444,9,2,1418.26,709.13
15445,264,2,284.5,142.25
15446,377,3,406.95,135.65
15447,331,5,492.88,98.58
15448,313,2,788.81,394.4
15449,26,3,974.52,324.84
15450,30,1,429.84,429.84
15451,434,2,233.21,116.6
15452,30,6,1799.11,299.85
15453,2,7,1388.37,198.34
15454,362,2,307.69,153.84
15455,598,1,38.25,38.25
15456,283,10,2119.27,211.93
15457,262,1,237.07,237.07
15458,25,2,370.44,185.22
15459,417,2,202.83,101.42
15460,354,1,216.76,216.76
15461,461,2,429.7,214.85
15462,94,4,737.05,184.26
15463,29,1,126.14,126.14
15464,338,1,1048.85,1048.85
15465,20,32,12655.65,395.49
15466,85,4,1571.01,392.75
15467,9,3,524.88,174.96
15468,51,3,1430.48,476.83
15469,50,3,874.25,291.42
15470,576,1,63.42,63.42
15471,2,3,1316.56,438.85
15472,113,1,371.56,371.56
15473,14,8,2046.0,255.75
15474,596,1,163.1,163.1
15475,77,1,454.11,454.11
15476,380,4,2209.98,552.5
15477,650,1,368.4,368.4
15478,40,3,2024.98,674.99
15479,733,1,147.4,147.4
15480,116,5,6279.0,1255.8
15481,401,1,1993.34,1993.34
15482,16,19,14592.56,768.03
15483,161,10,862.2,86.22
15484,1,6,4656.0,776.0
15485,30,7,5771.51,824.5
15486,527,1,102.0,102.0
15487,680,1,231.32,231.32
15488,93,5,431.92,86.38
15489,23,8,2419.61,302.45
15490,430,1,217.6,217.6
15491,95,6,3100.09,516.68
15492,28,2,659.46,329.73
15493,33,9,4314.98,479.44
15494,21,5,3780.05,756.01
15495,379,1,246.5,246.5
15496,631,1,146.14,146.14
15497,18,9,8657.39,961.93
15498,3,44,26039.58,591.81
15499,724,1,161.6,161.6
15500,8,4,1131.56,282.89
15501,405,2,402.5,201.25
15502,16,14,13993.47,999.53
15503,363,2,267.15,133.57
15504,81,4,423.85,105.96
15505,53,5,3610.96,722.19
15506,23,6,2040.03,340.0
15507,172,1,492.36,492.36
15508,189,6,1000.27,166.71
15509,380,1,166.51,166.51
15510,331,1,250.0,250.0
15511,12,5,909.23,181.85
15512,156,4,331.58,82.9
15513,33,35,27750.55,792.87
15514,12,18,6598.55,366.59
15515,387,1,171.81,171.81
15516,45,3,62.43,20.81
15517,233,1,267.03,267.03
15518,64,15,4218.94,281.26
15519,383,2,344.61,172.3
15520,2,1,343.5,343.5
15521,40,16,7106.69,444.17
15522,33,2,398.84,199.42
15523,84,16,17359.99,1085.0
15524,25,2,591.4,295.7
15525,2,4,1295.7,323.92
15526,33,2,148.44,74.22
15527,19,23,5575.64,242.42
15528,254,1,229.33,229.33
15529,23,12,5111.95,426.0
15530,22,5,1813.72,362.74
15531,8,2,2007.44,1003.72
15532,25,10,3771.9,377.19
15533,19,3,807.57,269.19
15534,726,1,162.25,162.25
15535,173,6,1087.82,181.3
15536,409,1,259.09,259.09
15537,163,1,110.92,110.92
15538,538,6,3358.4,559.73
15539,7,1,538.46,538.46
15540,11,2,460.68,230.34
15541,114,1,85.13,85.13
15542,512,3,918.45,306.15
15543,288,2,242.84,121.42
15544,9,20,8162.43,408.12
15545,54,2,428.05,214.02
15546,607,2,1079.1,539.55
15547,7,26,10154.39,390.55
15548,596,1,158.09,158.09
15549,77,8,2345.96,293.24
15550,4,12,2218.8,184.9
15551,37,7,1710.08,244.3
15552,217,2,252.52,126.26
15553,60,1,437.23,437.23
15554,278,1,217.2,217.2
15555,12,36,12112.35,336.45
15556,24,1,279.77,279.77
15557,29,1,473.65,473.65
15558,639,1,214.13,214.13
15559,568,1,1109.4,1109.4
15560,398,2,153.52,76.76
15561,12,8,1934.39,241.8
15562,352,3,673.38,224.46
15563,22,7,2867.0,409.57
15564,463,2,70.74,35.37
15565,50,2,173.16,86.58
15566,393,2,227.87,113.94
15567,19,1,186.01,186.01
15568,3,3,758.29,252.76
15569,104,10,3586.35,358.64
15570,7,25,9311.04,372.44
15571,12,14,4051.63,289.4
15572,5,10,4068.67,406.87
15573,32,5,1207.18,241.44
15574,178,6,1518.7,253.12
15575,620,1,30.1,30.1
15576,38,1,940.67,940.67
15577,151,5,397.98,79.6
15578,162,1,127.1,127.1
15579,69,5,1302.5,260.5
15580,377,8,1381.19,172.65
15581,121,38,7794.59,205.12
15582,25,3,682.91,227.64
15583,376,1,107.86,107.86
15584,24,6,1277.5,212.92
15585,177,1,455.3,455.3
15586,593,3,1139.1,379.7
15587,50,7,1522.08,217.44
15588,678,1,579.6,579.6
15589,256,3,478.53,159.51
15590,382,5,1496.6,299.32
15591,583,3,217.9,72.63
15592,47,1,388.58,388.58
15593,71,1,199.8,199.8
15594,16,5,1771.78,354.36
15595,488,1,357.6,357.6
15596,101,9,3130.04,347.78
15597,35,2,563.37,281.68
15598,53,2,548.02,274.01
15599,27,3,1250.06,416.69
15600,428,4,1199.31,299.83
15601,11,30,14960.12,498.67
15602,8,16,3230.51,201.91
15603,79,2,88.48,44.24
15604,52,1,216.39,216.39
15605,36,9,1936.8,215.2
15606,61,17,5230.99,307.71
15607,337,9,1708.97,189.89
15608,28,5,1785.98,357.2
15609,184,1,298.48,298.48
15610,52,1,112.46,112.46
15611,10,26,2997.28,115.28
15612,36,2,195.15,97.58
15613,610,1,433.72,433.72
15614,438,4,3147.36,786.84
15615,10,47,21373.97,454.77
15616,438,1,317.11,317.11
15617,396,3,828.55,276.18
15618,33,4,776.85,194.21
15619,11,1,336.4,336.4
15620,57,4,1942.36,485.59
15621,4,4,1293.03,323.26
15622,43,17,7852.61,461.92
15623,141,8,2437.05,304.63
15624,117,4,588.13,147.03
15625,104,9,3236.4,359.6
15626,75,3,1067.52,355.84
15627,457,2,566.9,283.45
15628,5,17,5652.26,332.49
15629,450,4,2240.9,560.22
15630,45,3,1481.4,493.8
15631,642,1,596.67,596.67
15632,16,8,3285.31,410.66
15633,509,13,4352.46,334.8
15634,17,2,554.65,277.32
15635,396,1,100.35,100.35
15636,90,4,1444.58,361.14
15637,53,5,797.59,159.52
15638,379,6,2265.2,377.53
15639,134,3,1065.08,355.03
15640,4,29,23957.58,826.12
15641,105,12,5345.55,445.46
15642,730,1,105.78,105.78
15643,192,3,664.0,221.33
15644,166,4,813.0,203.25
15645,19,3,1055.17,351.72
15646,158,5,974.61,194.92
15647,415,1,169.0,169.0
15648,204,2,657.35,328.68
15649,336,4,2170.35,542.59
15650,522,2,553.88,276.94
15651,37,5,1259.06,251.81
15652,91,5,1420.34,284.07
15653,93,2,877.44,438.72
15654,9,2,922.53,461.26
15655,243,1,560.67,560.67
15656,45,4,748.5,187.12
15657,23,1,30.0,30.0
15658,190,8,2423.47,302.93
15659,44,3,532.49,177.5
15660,25,15,2812.99,187.53
15661,317,8,1215.95,151.99
15662,661,2,283.73,141.86
15663,106,1,138.14,138.14
15664,51,4,1254.03,313.51
15665,168,5,4015.12,803.02
15666,472,2,632.94,316.47
15667,40,1,301.32,301.32
15668,218,1,76.32,76.32
15669,40,4,684.34,171.08
15670,297,2,325.2,162.6
15671,19,7,2657.13,379.59
15672,725,1,45.3,45.3
15673,88,9,6414.79,712.75
15674,73,13,6948.23,534.48
15675,81,4,542.04,135.51
15676,19,3,3435.76,1145.25
15677,49,3,1305.63,435.21
15678,53,3,1893.89,631.3
15679,24,4,781.28,195.32
15680,9,10,4507.58,450.76
15681,25,14,2989.7,213.55
15682,599,2,318.24,159.12
15683,117,2,524.54,262.27
15684,547,3,173.95,57.98
15685,450,1,55.98,55.98
15686,420,1,90.0,90.0
15687,9,9,2993.1,332.57
15688,419,1,190.57,190.57
15689,120,3,521.03,173.68
15690,4,2,239.76,119.88
15691,252,4,571.3,142.82
15692,28,1,191.04,191.04
15693,659,1,37.5,37.5
15694,1,24,10810.81,450.45
15695,267,4,1131.04,282.76
15696,33,13,3906.57,300.51
15697,690,1,246.75,246.75
15698,624,1,46.2,46.2
15699,18,1,309.65,309.65
15700,172,2,696.68,348.34
15701,2,4,1542.14,385.54
15702,476,2,140.39,70.2
15703,265,1,211.5,211.5
15704,140,6,3817.96,636.33
15705,201,1,143.1,143.1
15706,64,4,1060.56,265.14
15707,35,4,945.58,236.4
15708,41,9,4378.72,486.52
15709,284,2,327.85,163.92
15710,417,1,898.87,898.87
15711,557,2,420.25,210.12
15712,9,12,3472.41,289.37
15713,143,4,1010.79,252.7
15714,12,5,784.81,156.96
15715,556,5,658.02,131.6
15716,146,11,3056.81,277.89
15717,234,5,607.0,121.4
15718,540,1,293.79,293.79
15719,33,31,10223.06,329.78
15720,24,2,741.92,370.96
15721,12,1,507.08,507.08
15722,36,11,5258.1,478.01
15723,365,4,947.65,236.91
15724,201,3,310.85,103.62
15725,15,1,415.25,415.25
15726,390,1,321.91,321.91
15727,17,15,9445.51,629.7
15728,380,2,544.6,272.3
15729,213,3,192.55,64.18
15730,66,5,1726.58,345.32
15731,554,1,125.3,125.3
15732,212,10,1682.07,168.21
15733,283,1,162.3,162.3
15734,115,4,2263.3,565.83
15735,421,1,327.68,327.68
15736,435,2,1815.72,907.86
15737,15,8,1205.12,150.64
15738,19,41,13372.97,326.17
15739,66,1,449.12,449.12
15740,49,1,154.88,154.88
15741,458,2,208.62,104.31
15742,619,1,156.87,156.87
15743,16,4,784.46,196.12
15744,78,1,34.8,34.8
15745,19,4,1094.59,273.65
15746,134,1,196.88,196.88
15747,13,9,2562.61,284.73
15748,40,3,614.76,204.92
15749,235,3,44534.3,14844.77
15750,3,18,6797.19,377.62
15751,461,11,1380.44,125.49
15752,40,9,4207.54,467.5
15753,305,1,79.2,79.2
15754,51,9,3037.61,337.51
15755,10,17,5993.12,352.54
15756,61,4,532.96,133.24
15757,66,6,2940.36,490.06
15758,25,1,205.25,205.25
15759,218,7,830.93,118.7
15760,631,2,13916.34,6958.17
15761,443,1,143.05,143.05
15762,65,2,583.75,291.88
15763,32,2,1086.92,543.46
15764,88,8,4503.08,562.88
15765,667,1,370.63,370.63
15766,64,3,831.06,277.02
15768,116,34,15601.09,458.86
15769,7,46,88704.32,1928.35
15770,613,1,321.45,321.45
15771,604,3,1006.54,335.51
15772,418,1,280.88,280.88
15773,6,2,774.52,387.26
15774,69,6,1329.94,221.66
15775,245,2,150.5,75.25
15776,133,1,241.62,241.62
15777,241,7,1762.61,251.8
15778,431,1,307.95,307.95
15779,463,2,124.08,62.04
15780,184,3,475.28,158.43
15781,25,3,345.46,115.15
15782,10,4,4014.1,1003.52
15783,11,1,246.3,246.3
15784,468,2,848.33,424.16
15785,33,16,5969.93,373.12
15786,46,5,8514.82,1702.96
15787,26,3,948.05,316.02
15788,509,1,221.83,221.83
15789,358,6,1962.01,327.0
15790,10,1,220.85,220.85
15791,44,5,3608.34,721.67
15792,400,2,933.84,466.92
15793,15,8,2399.57,299.95
15794,736,2,777.0,388.5
15795,150,8,1979.87,247.48
15796,1,17,5175.83,304.46
15797,113,6,2821.08,470.18
15798,493,3,1535.37,511.79
15799,76,4,1424.29,356.07
15800,107,7,1242.58,177.51
15801,46,3,1063.95,354.65
15802,143,1,451.42,451.42
15803,51,4,1929.66,482.42
15804,1,13,4206.39,323.57
15805,23,30,10189.23,339.64
15806,46,3,784.58,261.53
15807,50,5,1817.52,363.5
15808,306,21,18409.93,876.66
15809,36,7,1274.44,182.06
15810,79,8,2999.04,374.88
15811,22,7,3890.52,555.79
15812,107,12,5201.47,433.46
15813,208,2,1303.91,651.95
15814,17,6,2634.44,439.07
15815,64,5,2100.6,420.12
15816,542,2,144.15,72.07
15817,421,3,2766.4,922.13
15818,588,1,340.5,340.5
15819,49,10,3934.79,393.48
15820,320,1,206.98,206.98
15821,44,2,570.96,285.48
15822,3,6,1840.06,306.68
15823,372,3,3897.17,1299.06
15824,453,2,890.94,445.47
15825,172,1,532.94,532.94
15826,56,4,2598.28,649.57
15827,73,28,3794.07,135.5
15828,375,1,1108.82,1108.82
15829,99,2,636.14,318.07
15830,38,1,576.0,576.0
15831,58,3,801.76,267.25
15832,254,1,836.79,836.79
15833,738,1,80.4,80.4
15834,70,7,3772.99,539.0
15835,44,4,954.09,238.52
15836,50,1,137.37,137.37
15837,65,2,777.01,388.5
15838,11,34,74163.0,2181.26
15839,33,3,1048.49,349.5
15840,59,2,355.56,177.78
15841,73,9,2742.41,304.71
15842,393,2,548.8,274.4
15843,304,1,118.95,118.95
15844,46,1,130.74,130.74
15845,18,11,4426.28,402.39
15846,385,1,107.01,107.01
15847,38,5,822.57,164.51
15848,622,1,139.94,139.94
15850,19,6,1058.72,176.45
15851,527,1,109.73,109.73
15852,187,3,257.26,85.75
15853,52,1,110.8,110.8
15854,4,21,5583.81,265.9
15855,137,6,1052.72,175.45
15856,4,52,34220.34,658.08
15857,19,2,570.48,285.24
15858,16,13,3960.37,304.64
15859,432,1,438.46,438.46
15860,41,17,2505.21,147.37
15861,12,12,4401.79,366.82
15862,8,13,2928.29,225.25
15863,26,5,358.7,71.74
15864,22,7,2180.76,311.54
15865,41,5,2248.92,449.78
15866,101,1,230.53,230.53
15867,5,31,9063.95,292.39
15868,583,1,94.53,94.53
15869,277,3,323.66,107.89
15870,33,4,862.61,215.65
15871,437,1,33.1,33.1
15872,15,4,795.68,198.92
15873,500,4,313.92,78.48
15874,64,21,11284.76,537.37
15875,646,1,111.72,111.72
15876,409,2,1449.14,724.57
15877,2,2,493.28,246.64
15878,562,2,330.77,165.38
15879,404,4,1157.3,289.32
15880,369,1,686.56,686.56
15881,312,5,501.39,100.28
15882,199,8,1495.98,187.0
15883,2,2,396.48,198.24
15884,432,2,249.7,124.85
15885,93,15,1951.82,130.12
15886,60,4,1052.87,263.22
15887,407,3,1027.15,342.38
15888,81,3,429.16,143.05
15889,157,8,1806.28,225.78
15890,395,5,535.65,107.13
15891,227,1,524.52,524.52
15892,669,1,128.2,128.2
15893,482,1,305.28,305.28
15894,253,2,420.29,210.14
15895,150,1,179.17,179.17
15897,194,2,222.05,111.02
15898,1,25,5596.31,223.85
15899,369,1,112.5,112.5
15900,24,4,900.4,225.1
15901,17,7,703.22,100.46
15902,380,1,145.01,145.01
15903,10,12,8939.84,744.99
15904,8,1,164.68,164.68
15905,543,1,114.69,114.69
15906,20,10,2555.64,255.56
15907,4,3,967.45,322.48
15908,491,2,764.57,382.28
15909,174,1,191.94,191.94
15910,1,15,2681.8,178.79
15911,624,8,1702.34,212.79
15912,178,9,1074.7,119.41
15913,534,1,6.3,6.3
15914,378,2,205.99,103.0
15915,402,1,429.21,429.21
15916,16,13,3427.17,263.63
15917,248,5,560.63,112.13
15918,191,3,582.88,194.29
15919,20,2,910.61,455.3
15920,154,9,571.64,63.52
15921,173,4,802.11,200.53
15922,373,1,739.0,739.0
15923,373,1,254.16,254.16
15924,731,1,102.82,102.82
15925,194,1,207.15,207.15
15926,542,1,134.44,134.44
15927,647,1,123.39,123.39
15928,656,1,293.53,293.53
15929,644,1,594.0,594.0
15930,67,1,426.63,426.63
15931,428,1,239.9,239.9
15932,4,8,2495.87,311.98
15933,21,3,1107.46,369.15
15934,418,2,2190.66,1095.33
15935,239,2,416.86,208.43
15936,379,2,282.79,141.4
15937,64,1,145.35,145.35
15938,112,9,734.81,81.65
15939,90,16,9060.39,566.27
15940,311,1,35.8,35.8
15941,637,1,405.0,405.0
15942,134,1,337.44,337.44
15943,650,2,271.29,135.64
15944,277,4,2164.24,541.06
15945,365,4,827.27,206.82
15946,503,3,2304.18,768.06
15947,83,1,1708.24,1708.24
15948,8,3,1509.09,503.03
15949,17,2,364.72,182.36
15950,32,10,7180.71,718.07
15951,9,3,1013.17,337.72
15952,34,4,806.57,201.64
15953,15,18,3669.55,203.86
15954,589,1,190.75,190.75
15955,24,22,8658.36,393.56
15956,551,2,617.6,308.8
15957,32,3,930.1,310.03
15958,74,4,492.99,123.25
15959,682,3,579.49,193.16
15960,374,4,410.95,102.74
15961,379,1,451.29,451.29
15962,449,1,295.83,295.83
15963,20,2,470.76,235.38
15964,663,1,272.96,272.96
15965,17,13,3013.09,231.78
15966,451,1,426.53,426.53
15967,23,12,3041.6,253.47
15968,388,1,418.05,418.05
15969,3,5,1127.05,225.41
15970,304,2,1017.32,508.66
15971,18,18,5902.83,327.94
15972,456,5,1810.27,362.05
15973,367,3,988.44,329.48
15974,39,7,3442.15,491.74
15975,84,1,371.01,371.01
15976,165,6,1746.64,291.11
15977,17,2,1054.73,527.36
15978,77,3,3279.42,1093.14
15979,603,1,329.22,329.22
15980,89,7,6593.68,941.95
15981,25,21,9362.77,445.85
15982,605,1,324.51,324.51
15983,22,8,3958.82,494.85
15984,3,30,8759.32,291.98
15985,123,7,2715.28,387.9
15986,30,2,354.42,177.21
15987,12,8,1682.13,210.27
15988,19,3,770.09,256.7
15989,376,2,372.51,186.26
15990,44,7,2010.05,287.15
15991,534,1,150.55,150.55
15992,4,3,896.6,298.87
15993,9,7,2797.57,399.65
15994,55,3,1202.18,400.73
15995,414,1,696.19,696.19
15996,88,7,1686.9,240.99
15998,37,16,8308.34,519.27
15999,736,1,20.4,20.4
16000,3,3,12393.7,4131.23
16001,381,1,583.39,583.39
16002,625,1,169.21,169.21
16003,30,10,5613.83,561.38
16004,475,5,2146.39,429.28
16005,12,10,2436.22,243.62
16006,211,2,347.17,173.58
16007,48,7,3075.14,439.31
16008,24,15,5384.13,358.94
16009,22,4,992.71,248.18
16010,246,11,1724.06,156.73
16011,8,29,5880.46,202.77
16012,35,5,2989.79,597.96
16013,4,84,57446.44,683.89
16014,38,5,1130.27,226.05
16015,4,3,705.39,235.13
16016,3,11,2533.94,230.36
16017,47,5,1553.83,310.77
16018,39,4,698.13,174.53
16019,47,27,17465.85,646.88
16020,17,3,851.01,283.67
16021,395,2,532.25,266.12
16022,260,1,628.28,628.28
16023,46,3,719.81,239.94
16024,12,3,484.2,161.4
16025,30,1,439.66,439.66
16026,43,1,236.09,236.09
16027,92,15,2048.36,136.56
16028,596,1,82.2,82.2
16029,39,107,122209.14,1142.14
16030,310,1,331.24,331.24
16031,92,2,548.94,274.47
16032,456,6,1970.45,328.41
16033,6,27,10836.13,401.34
16034,196,6,928.72,154.79
16035,560,1,217.73,217.73
16036,87,4,2556.84,639.21
16037,270,5,1509.34,301.87
16038,8,3,471.78,157.26
16039,424,2,456.4,228.2
16040,65,7,2416.9,345.27
16041,31,3,3166.4,1055.47
16042,22,8,2265.12,283.14
16043,38,8,1856.59,232.07
16044,435,1,340.84,340.84
16045,120,8,3434.93,429.37
16046,562,1,235.78,235.78
16047,682,1,107.14,107.14
16048,373,4,1075.23,268.81
16049,40,6,1899.68,316.61
16050,174,3,300.7,100.23
16051,682,1,188.44,188.44
16052,54,1,362.06,362.06
16053,33,6,3634.84,605.81
16054,145,4,2111.88,527.97
16055,221,1,134.8,134.8
16056,45,1,664.85,664.85
16057,16,10,3854.85,385.48
16058,406,1,62.7,62.7
16059,66,12,3217.77,268.15
16060,401,3,541.95,180.65
16061,431,1,89.65,89.65
16062,10,8,2863.45,357.93
16063,260,1,335.32,335.32
16064,725,1,111.0,111.0
16065,365,8,2382.62,297.83
16066,17,5,1521.87,304.37
16067,563,3,3395.29,1131.76
16068,594,1,122.93,122.93
16069,418,1,457.7,457.7
16070,22,2,852.15,426.08
16071,45,4,1076.8,269.2
16072,288,4,4328.89,1082.22
16073,297,1,122.4,122.4
16074,390,1,265.25,265.25
16075,503,2,736.93,368.46
16076,3,10,2234.73,223.47
16077,626,1,2300.4,2300.4
16078,284,2,362.99,181.5
16079,17,3,1352.0,450.67
16080,82,4,602.56,150.64
16081,56,8,4460.18,557.52
16082,670,1,106.75,106.75
16083,101,4,2351.42,587.86
16084,299,1,436.18,436.18
16085,23,12,2343.53,195.29
16086,59,10,2864.99,286.5
16087,389,5,1739.92,347.98
16088,576,2,1437.43,718.72
16089,386,2,271.44,135.72
16090,624,1,205.91,205.91
16091,155,2,315.06,157.53
16092,115,6,1587.94,264.66
16093,107,1,17.0,17.0
16094,12,11,3695.56,335.96
16095,456,1,447.05,447.05
16096,264,4,1584.97,396.24
16097,240,1,185.05,185.05
16098,88,14,4448.1,317.72
16099,50,7,1573.2,224.74
16100,463,1,582.64,582.64
16101,71,4,3229.16,807.29
16102,42,3,1842.14,614.05
16103,7,22,6191.71,281.44
16104,62,9,2778.61,308.73
16105,249,5,2386.19,477.24
16106,66,1,108.38,108.38
16107,18,7,3204.16,457.74
16108,85,4,2235.92,558.98
16109,219,3,939.48,313.16
16110,45,4,1819.27,454.82
16111,428,1,562.48,562.48
16112,143,4,195.74,48.93
16113,183,1,161.38,161.38
16114,171,1,135.75,135.75
16115,10,12,2575.14,214.6
16116,212,1,612.78,612.78
16117,190,3,654.4,218.13
16118,653,1,4376.25,4376.25
16119,8,8,1720.81,215.1
16120,59,6,3056.91,509.48
16121,57,5,1477.09,295.42
16122,73,6,1001.34,166.89
16123,52,1,307.78,307.78
16124,317,4,1772.49,443.12
16125,367,14,4587.65,327.69
16126,29,15,14646.8,976.45
16127,39,2,801.31,400.66
16128,18,11,3801.05,345.55
16129,407,3,1396.05,465.35
16130,422,4,987.48,246.87
16131,52,12,9957.42,829.78
16132,544,2,664.2,332.1
16133,4,56,22992.26,410.58
16134,22,5,2145.34,429.07
16135,263,2,819.45,409.72
16136,60,4,946.8,236.7
16137,680,1,422.7,422.7
16138,379,3,910.35,303.45
16139,19,5,1111.15,222.23
16140,66,3,1557.6,519.2
16141,88,2,955.94,477.97
16142,250,1,535.34,535.34
16143,3,12,4910.83,409.24
16144,247,1,175.2,175.2
16145,9,19,6805.44,358.18
16146,157,4,946.38,236.6
16147,134,5,2398.91,479.78
16148,296,2,386.62,193.31
16149,5,3,422.22,140.74
16150,43,10,4395.59,439.56
16152,269,1,1829.04,1829.04
16153,50,11,5133.49,466.68
16155,382,5,796.9,159.38
16156,9,20,6218.18,310.91
16157,16,3,656.69,218.9
16158,522,9,628.32,69.81
16159,282,4,1232.79,308.2
16160,65,2,1025.44,512.72
16161,2,43,12831.8,298.41
16162,252,1,37.4,37.4
16163,232,6,2849.58,474.93
16164,17,3,822.48,274.16
16165,505,1,79.9,79.9
16166,428,2,435.83,217.92
16167,414,5,1386.12,277.22
16168,11,66,10636.47,161.16
16169,8,4,1822.97,455.74
16170,51,20,6869.0,343.45
16171,59,1,73.2,73.2
16172,95,8,1884.55,235.57
16173,16,6,1418.32,236.39
16174,126,7,2246.75,320.96
16175,94,7,1836.44,262.35
16176,421,4,2052.69,513.17
16177,50,8,2247.31,280.91
16178,138,2,612.6,306.3
16179,61,1,215.83,215.83
16180,100,13,16249.87,1249.99
16181,73,1,305.54,305.54
16182,72,9,9971.65,1107.96
16183,67,4,1077.81,269.45
16184,64,6,1158.79,193.13
16185,17,3,644.72,214.91
16186,23,26,9026.11,347.16
16187,32,15,6911.44,460.76
16188,45,5,1087.66,217.53
16189,16,2,215.48,107.74
16190,40,8,2723.55,340.44
16191,3,24,15688.02,653.67
16192,736,1,351.3,351.3
16193,237,2,630.43,315.21
16194,375,1,308.6,308.6
16195,723,1,323.25,323.25
16196,489,1,93.3,93.3
16197,469,9,2016.71,224.08
16198,75,2,1030.04,515.02
16199,392,7,942.75,134.68
16200,4,12,5643.45,470.29
16201,3,5,2112.12,422.42
16202,361,9,2501.99,278.0
16203,59,6,1114.54,185.76
16204,23,3,944.24,314.75
16205,31,7,1830.61,261.52
16206,55,13,2602.32,200.18
16207,25,1,394.38,394.38
16208,45,10,3440.45,344.04
16209,89,9,4146.78,460.75
16210,2,35,38489.51,1099.7
16211,89,3,1090.59,363.53
16212,19,4,1293.71,323.43
16213,79,1,159.0,159.0
16214,171,4,2038.25,509.56
16215,81,1,242.35,242.35
16216,267,1,914.93,914.93
16217,235,2,304.25,152.12
16218,30,13,4439.97,341.54
16219,501,1,40.8,40.8
16221,37,9,2235.51,248.39
16222,318,2,1345.22,672.61
16223,375,2,1102.35,551.18
16224,57,5,1616.54,323.31
16225,45,15,2867.41,191.16
16226,203,5,672.17,134.43
16227,225,3,1027.22,342.41
16228,385,3,890.81,296.94
16229,87,6,2867.86,477.98
16230,190,2,542.03,271.02
16231,379,4,1078.22,269.56
16232,44,7,2712.97,387.57
16233,71,9,1965.71,218.41
16234,476,3,333.18,111.06
16235,41,9,2053.71,228.19
16236,78,1,432.2,432.2
16237,437,1,136.65,136.65
16238,423,1,63.66,63.66
16239,57,6,1492.2,248.7
16240,24,2,3718.8,1859.4
16241,10,16,4329.31,270.58
16242,8,14,7474.4,533.89
16243,34,2,409.1,204.55
16244,212,2,2579.38,1289.69
16245,24,3,1413.66,471.22
16246,460,2,827.25,413.62
16247,170,1,114.56,114.56
16248,62,1,152.94,152.94
16249,53,5,1800.07,360.01
16250,261,3,791.38,263.79
16251,512,1,128.31,128.31
16252,383,1,295.09,295.09
16253,67,7,7310.15,1044.31
16254,378,3,985.14,328.38
16255,17,15,4906.8,327.12
16256,267,3,1629.37,543.12
16257,177,1,46.95,46.95
16258,45,15,11942.52,796.17
16259,410,3,361.94,120.65
16260,51,1,1035.45,1035.45
16261,17,6,1059.45,176.58
16262,378,1,755.15,755.15
16263,423,1,351.01,351.01
16264,438,2,837.53,418.76
16265,9,12,6935.17,577.93
16266,74,14,1757.95,125.57
16267,591,1,186.66,186.66
16268,71,2,667.65,333.82
16269,438,1,717.57,717.57
16270,353,1,1141.24,1141.24
16271,3,10,3463.02,346.3
16272,117,1,411.7,411.7
16273,648,2,336.04,168.02
16274,373,1,715.9,715.9
16275,197,3,2151.11,717.04
16276,177,3,2629.39,876.46
16277,734,1,188.69,188.69
16278,100,3,1117.84,372.61
16279,21,9,5705.08,633.9
16280,725,1,238.05,238.05
16281,72,3,3424.02,1141.34
16282,340,3,1307.58,435.86
16283,6,8,4403.82,550.48
16284,31,3,1029.77,343.26
16285,646,1,176.9,176.9
16286,477,2,328.95,164.48
16287,170,5,1006.98,201.4
16288,470,1,129.85,129.85
16289,462,1,136.31,136.31
16290,465,4,2069.3,517.33
16291,682,1,117.72,117.72
16292,122,5,1253.76,250.75
16293,22,15,4657.95,310.53
16294,477,1,126.05,126.05
16295,10,4,1328.55,332.14
16296,626,4,1313.67,328.42
16297,269,1,301.9,301.9
16298,23,7,1085.7,155.1
16299,477,1,193.65,193.65
16300,430,3,1392.43,464.14
16301,737,1,107.33,107.33
16302,127,1,233.22,233.22
16303,26,7,7928.27,1132.61
16304,695,1,381.66,381.66
16305,139,1,361.22,361.22
16306,214,7,1192.82,170.4
16307,429,3,1194.92,398.31
16308,38,7,5120.0,731.43
16309,106,2,706.57,353.28
16310,414,2,460.08,230.04
16311,18,2,616.26,308.13
16312,432,1,171.15,171.15
16313,3,2,274.15,137.08
16314,390,3,1491.4,497.13
16315,331,2,402.71,201.36
16316,64,13,5744.91,441.92
16317,120,5,2192.51,438.5
16318,35,1,328.15,328.15
16319,218,1,404.4,404.4
16320,172,6,5628.99,938.16
16321,72,7,604.55,86.36
16322,1,2,326.75,163.38
16323,196,2,353.66,176.83
16324,128,3,428.68,142.89
16325,47,12,3597.5,299.79
16326,6,24,4826.99,201.12
16327,14,16,10731.34,670.71
16328,563,1,310.83,310.83
16329,428,4,1703.07,425.77
16330,18,7,634.33,90.62
16331,432,6,2037.7,339.62
16332,28,11,2010.41,182.76
16333,8,22,26626.8,1210.31
16334,492,1,277.48,277.48
16335,552,7,2774.0,396.29
16336,421,4,3517.69,879.42
16337,37,1,151.05,151.05
16338,157,1,214.8,214.8
16339,284,1,109.95,109.95
16340,107,3,1526.06,508.69
16341,25,7,3850.79,550.11
16342,75,4,322.41,80.6
16343,16,3,687.07,229.02
16344,158,4,842.42,210.6
16345,44,2,1198.74,599.37
16346,385,1,224.51,224.51
16347,11,11,3509.41,319.04
16348,32,8,1798.22,224.78
16349,291,1,53.5,53.5
16350,21,9,2253.89,250.43
16351,333,13,3330.03,256.16
16352,18,2,494.44,247.22
16353,4,38,9999.46,263.14
16354,63,5,1129.51,225.9
16355,375,1,416.35,416.35
16356,198,6,415.87,69.31
16357,33,4,868.37,217.09
16358,1,5,2919.65,583.93
16359,7,16,2697.75,168.61
16360,5,6,3512.53,585.42
16361,10,4,896.66,224.16
16362,32,6,946.94,157.82
16363,53,1,109.36,109.36
16364,12,2,707.04,353.52
16365,18,15,3307.2,220.48
16366,19,4,1548.13,387.03
16367,37,3,1362.4,454.13
16368,2,3,640.21,213.4
16369,18,7,2664.81,380.69
16370,82,4,1320.56,330.14
16371,449,1,157.2,157.2
16372,33,5,1328.61,265.72
16373,382,2,309.49,154.74
16374,66,5,1771.45,354.29
16375,470,2,104.0,52.0
16376,9,2,987.01,493.5
16377,267,2,1308.48,654.24
16378,247,3,362.95,120.98
16379,4,4,2157.4,539.35
16380,61,1,1780.59,1780.59
16381,396,2,258.7,129.35
16382,408,2,353.1,176.55
16383,75,7,2974.84,424.98
16384,90,4,1358.95,339.74
16385,60,5,1030.61,206.12
16386,29,3,1102.59,367.53
16387,323,5,918.55,183.71
16388,654,1,186.05,186.05
16389,53,4,1382.07,345.52
16390,537,3,467.5,155.83
16391,401,4,1103.61,275.9
16392,270,3,763.05,254.35
16393,2,23,5561.66,241.81
16394,57,5,1555.34,311.07
16395,61,14,3537.85,252.7
16396,476,1,137.8,137.8
16397,628,1,127.88,127.88
16398,154,2,1705.8,852.9
16399,19,3,641.82,213.94
16400,95,9,3159.44,351.05
16401,1,23,6849.15,297.79
16402,265,2,511.4,255.7
16403,312,1,177.5,177.5
16404,70,1,443.05,443.05
16405,302,2,167.25,83.62
16406,19,3,552.68,184.23
16407,13,14,2821.65,201.55
16408,591,1,231.93,231.93
16409,36,12,5709.04,475.75
16410,734,1,130.32,130.32
16411,19,4,910.19,227.55
16412,54,5,647.23,129.45
16413,57,2,528.98,264.49
16414,22,5,559.71,111.94
16415,44,3,719.44,239.81
16416,27,9,2972.88,330.32
16417,493,1,35.7,35.7
16418,45,5,1101.94,220.39
16419,113,8,1487.42,185.93
16420,396,1,75.0,75.0
16421,376,3,526.27,175.42
16422,17,109,63651.47,583.96
16423,25,1,346.12,346.12
16424,191,2,443.06,221.53
16425,302,1,302.7,302.7
16426,2,10,1908.25,190.82
16427,263,2,241.06,120.53
16428,414,3,660.28,220.09
16429,106,1,284.55,284.55
16430,57,7,1117.94,159.71
16431,213,3,642.81,214.27
16432,64,1,287.4,287.4
16433,28,2,384.52,192.26
16434,29,12,2741.74,228.48
16435,512,3,1011.57,337.19
16436,668,3,329.34,109.78
16437,381,2,301.25,150.62
16438,6,5,798.35,159.67
16439,722,1,310.7,310.7
16440,8,6,3856.97,642.83
16441,67,5,1034.43,206.89
16442,2,5,899.47,179.89
16443,521,1,162.24,162.24
16444,46,17,3656.58,215.09
16445,34,4,602.73,150.68
16446,1,2,168472.5,84236.25
16447,136,3,775.14,258.38
16448,198,2,367.87,183.94
16449,198,2,707.69,353.84
16450,150,3,1505.73,501.91
16451,88,3,1013.15,337.72
16452,631,2,332.17,166.08
16453,531,2,251.71,125.86
16454,45,4,30.95,7.74
16455,64,11,4384.37,398.58
16456,99,13,6862.91,527.92
16457,218,1,208.36,208.36
16458,3,30,5715.34,190.51
16459,730,1,71.79,71.79
16460,28,3,814.72,271.57
16461,178,3,1615.22,538.41
16462,74,3,136.0,45.33
16463,21,4,1422.4,355.6
16464,20,3,1314.68,438.23
16465,421,2,746.24,373.12
16466,34,15,3838.59,255.91
16467,509,7,2869.16,409.88
16468,74,3,787.52,262.51
16469,24,5,828.91,165.78
16470,52,11,2458.6,223.51
16471,275,4,1189.98,297.5
16472,434,2,789.6,394.8
16473,165,4,470.83,117.71
16474,7,7,1871.5,267.36
16475,88,4,544.3,136.07
16476,432,1,350.35,350.35
16477,64,11,4320.02,392.73
16478,25,3,331.0,110.33
16479,10,2,300.83,150.42
16480,76,1,769.29,769.29
16481,682,1,453.38,453.38
16482,16,1,220.62,220.62
16483,192,1,139.35,139.35
16484,174,2,404.3,202.15
16485,77,5,2294.68,458.94
16486,538,1,134.36,134.36
16487,577,2,209.4,104.7
16488,33,3,498.8,166.27
16489,380,2,303.7,151.85
16490,436,1,205.41,205.41
16491,47,2,1533.16,766.58
16492,541,1,385.56,385.56
16493,80,7,2132.09,304.58
16494,297,1,826.53,826.53
16495,3,3,684.41,228.14
16496,9,6,2330.77,388.46
16497,50,23,6695.28,291.1
16498,161,2,100.97,50.48
16499,360,8,2578.34,322.29
16500,5,9,843.91,93.77
16501,383,1,1237.23,1237.23
16502,620,2,266.5,133.25
16503,107,11,3614.34,328.58
16504,25,1,484.38,484.38
16505,32,1,777.6,777.6
16506,20,2,90.3,45.15
16507,572,1,152.76,152.76
16508,630,1,248.8,248.8
16509,297,1,363.7,363.7
16510,372,6,2100.0,350.0
16511,22,6,1819.02,303.17
16513,5,4,874.59,218.65
16515,52,10,3216.3,321.63
16516,30,1,101.7,101.7
16517,277,1,162.7,162.7
16518,61,4,959.37,239.84
16519,25,4,556.26,139.06
16520,186,6,2482.62,413.77
16521,415,3,1148.01,382.67
16522,436,2,433.36,216.68
16523,2,28,11916.33,425.58
16524,446,2,308.14,154.07
16525,2,48,24582.64,512.14
16526,172,2,717.21,358.6
16527,81,2,1272.44,636.22
16528,4,1,244.41,244.41
16529,190,4,2012.0,503.0
16530,668,1,48.35,48.35
16531,22,11,2298.33,208.94
16532,18,5,8756.64,1751.33
16533,19,3,1095.56,365.19
16534,642,1,635.9,635.9
16535,5,3,1001.59,333.86
16536,110,1,548.97,548.97
16537,641,1,23.35,23.35
16538,541,3,399.62,133.21
16539,3,10,3732.01,373.2
16540,414,1,226.7,226.7
16541,735,1,424.03,424.03
16542,54,2,257.32,128.66
16543,592,1,292.21,292.21
16544,520,4,376.7,94.18
16545,165,2,689.82,344.91
16546,291,5,5606.47,1121.29
16547,546,1,111.71,111.71
16548,599,1,30.15,30.15
16549,10,34,13182.19,387.71
16550,109,18,9435.13,524.17
16551,96,7,2237.12,319.59
16552,243,2,475.02,237.51
16553,163,33,16644.01,504.36
16554,42,8,2841.72,355.22
16555,35,6,1915.68,319.28
16556,67,17,8012.58,471.33
16557,24,2,281.85,140.93
16558,1,38,13873.51,365.09
16559,397,1,185.2,185.2
16560,27,8,3048.38,381.05
16561,6,2,511.12,255.56
16562,477,1,223.86,223.86
16563,54,6,4422.76,737.13
16564,569,1,87.8,87.8
16565,364,4,773.05,193.26
16566,15,5,614.66,122.93
16567,194,2,865.6,432.8
16568,428,2,1020.9,510.45
16569,3,5,1455.23,291.05
16570,15,20,7434.31,371.72
16571,27,10,4248.74,424.87
16572,127,3,1009.6,336.53
16573,85,2,663.61,331.8
16574,71,3,1301.78,433.93
16576,420,2,540.87,270.44
16577,667,1,380.0,380.0
16578,626,1,156.6,156.6
16579,426,1,295.05,295.05
16581,183,1,105.84,105.84
16582,113,1,313.62,313.62
16583,374,2,531.4,265.7
16584,80,5,3163.67,632.73
16585,594,2,341.59,170.8
16586,249,3,1462.78,487.59
16587,232,1,225.15,225.15
16588,386,4,1361.28,340.32
16589,71,4,612.36,153.09
16590,401,2,605.9,302.95
16591,69,1,213.5,213.5
16592,4,28,7807.91,278.85
16593,51,8,1071.14,133.89
16594,75,1,181.09,181.09
16595,61,5,1810.18,362.04
16596,16,4,579.63,144.91
16597,4,1,90.04,90.04
16598,286,1,145.05,145.05
16599,386,1,172.8,172.8
16600,4,13,2153.41,165.65
16601,41,3,684.25,228.08
16602,36,2,763.33,381.66
16603,75,2,482.47,241.24
16604,563,2,432.45,216.22
16605,724,1,60.48,60.48
16606,404,2,357.66,178.83
16607,18,25,5706.87,228.27
16608,454,2,1288.72,644.36
16609,15,7,5493.46,784.78
16610,219,1,75.66,75.66
16611,186,6,1785.13,297.52
16612,33,9,3245.43,360.6
16613,70,1,618.59,618.59
16614,183,3,1179.79,393.26
16615,626,1,291.5,291.5
16616,15,2,500.42,250.21
16617,236,1,151.85,151.85
16618,31,5,2647.59,529.52
16619,264,4,1938.33,484.58
16620,4,6,1758.93,293.16
16621,52,4,813.48,203.37
16622,544,1,225.4,225.4
16623,246,4,1015.24,253.81
16624,81,2,810.57,405.28
16625,275,5,1654.03,330.81
16626,1,17,4413.1,259.59
16627,79,1,322.8,322.8
16628,30,7,2318.1,331.16
16629,74,2,417.73,208.86
16630,407,1,106.8,106.8
16631,482,7,1892.52,270.36
16632,486,2,406.4,203.2
16633,17,6,2883.1,480.52
16634,223,6,1814.61,302.44
16635,407,1,473.0,473.0
16636,438,4,3802.04,950.51
16637,32,4,1154.47,288.62
16638,23,15,2430.53,162.04
16639,31,4,1747.98,437.0
16640,398,1,179.4,179.4
16641,106,2,554.5,277.25
16642,5,3,1077.45,359.15
16643,246,2,923.11,461.56
16644,178,2,833.78,416.89
16645,736,1,160.39,160.39
16646,449,1,678.8,678.8
16647,170,4,541.9,135.48
16648,43,3,672.8,224.27
16649,520,1,306.58,306.58
16650,72,7,1916.11,273.73
16651,587,1,136.2,136.2
16652,59,16,17550.39,1096.9
16653,16,2,1212.66,606.33
16654,141,8,1711.47,213.93
16655,18,13,6548.37,503.72
16656,22,30,16833.17,561.11
16657,10,4,933.62,233.4
16658,368,6,814.07,135.68
16659,189,1,39.12,39.12
16660,16,7,1879.55,268.51
16661,540,4,986.63,246.66
16662,394,1,163.8,163.8
16663,729,1,165.0,165.0
16664,569,1,109.2,109.2
16665,362,1,135.4,135.4
16666,19,2,225.94,112.97
16667,68,2,570.13,285.06
16668,15,13,862.42,66.34
16669,24,3,1374.87,458.29
16670,17,20,8030.15,401.51
16671,28,3,1692.27,564.09
16672,2,20,8134.94,406.75
16673,679,1,188.83,188.83
16674,55,2,319.61,159.8
16675,442,2,608.86,304.43
16676,34,6,2361.9,393.65
16677,411,2,880.62,440.31
16678,3,12,3109.99,259.17
16679,366,3,793.06,264.35
16680,43,3,821.45,273.82
16681,73,7,1921.84,274.55
16682,5,5,1028.0,205.6
16683,534,1,320.25,320.25
16684,4,55,147142.77,2675.32
16685,61,2,324.24,162.12
16686,47,16,5070.92,316.93
16687,391,1,157.63,157.63
16688,1,4,1260.86,315.21
16689,76,2,422.6,211.3
16690,72,4,353.03,88.26
16691,418,2,178.83,89.42
16692,256,4,1914.7,478.67
16693,69,5,1199.46,239.89
16694,723,1,98.3,98.3
16695,562,2,193.15,96.58
16696,135,4,657.9,164.48
16697,241,1,112.75,112.75
16698,227,2,1998.0,999.0
16699,380,7,994.6,142.09
16700,9,25,9167.71,366.71
16701,9,26,9916.73,381.41
16702,415,4,1110.83,277.71
16704,618,2,695.66,347.83
16705,1,42,43515.05,1036.07
16706,37,3,531.35,177.12
16707,400,4,551.11,137.78
16708,46,1,656.63,656.63
16709,85,14,9087.46,649.1
16710,19,22,6349.09,288.6
16711,3,9,2868.48,318.72
16712,9,13,4266.99,328.23
16713,19,32,14560.69,455.02
16714,219,4,1529.8,382.45
16715,78,2,625.52,312.76
16716,267,3,2149.68,716.56
16717,24,14,6986.23,499.02
16718,369,5,3647.53,729.51
16719,15,14,3973.3,283.81
16720,26,3,795.48,265.16
16721,262,1,292.47,292.47
16722,17,22,8989.08,408.59
16723,91,4,1301.63,325.41
16724,405,1,147.35,147.35
16725,302,14,1882.11,134.44
16726,26,7,2088.41,298.34
16727,364,4,1437.42,359.36
16728,46,4,1054.67,263.67
16729,38,21,7239.92,344.76
16730,52,3,743.11,247.7
16731,648,1,174.05,174.05
16732,32,4,4387.64,1096.91
16733,530,1,259.68,259.68
16734,52,3,650.51,216.84
16735,79,14,6270.56,447.9
16736,506,5,2956.56,591.31
16737,53,2,835.2,417.6
16738,298,1,3.75,3.75
16739,177,2,786.43,393.22
16740,395,1,236.81,236.81
16741,625,1,173.06,173.06
16742,47,14,2852.61,203.76
16743,29,14,4253.26,303.8
16744,11,7,1304.76,186.39
16745,87,17,7194.3,423.19
16746,5,42,18066.4,430.15
16747,38,2,836.06,418.03
16748,18,14,3637.33,259.81
16749,591,2,4387.08,2193.54
16750,45,5,623.93,124.79
16751,31,1,1764.72,1764.72
16752,373,1,415.0,415.0
16753,58,1,223.92,223.92
16754,372,29,67502.47,2327.67
16755,114,7,2900.58,414.37
16756,215,7,1312.37,187.48
16757,319,2,270.48,135.24
16758,65,1,369.34,369.34
16759,8,3,789.79,263.26
16760,430,1,228.0,228.0
16761,97,1,316.62,316.62
16762,20,3,1501.38,500.46
16763,199,2,964.7,482.35
16764,4,13,2799.25,215.33
16765,294,2,454.75,227.38
16766,273,2,1145.6,572.8
16767,31,15,8073.8,538.25
16768,48,9,1708.12,189.79
16769,260,4,1141.75,285.44
16770,58,9,1932.13,214.68
16771,33,10,3967.6,396.76
16772,423,3,3723.55,1241.18
16773,57,3,421.24,140.41
16774,68,8,1594.45,199.31
16775,10,16,3056.89,191.06
16776,60,2,619.85,309.92
16777,80,5,1307.76,261.55
16778,74,2,245.94,122.97
16779,2,53,33268.24,627.7
16780,100,3,605.55,201.85
16781,372,2,934.25,467.12
16782,10,38,10438.41,274.7
16783,437,1,391.95,391.95
16784,20,5,896.53,179.31
16785,410,1,533.78,533.78
16786,394,1,51.84,51.84
16787,398,4,1035.43,258.86
16788,123,5,1950.3,390.06
16789,8,1,80.8,80.8
16790,4,6,1545.62,257.6
16791,29,15,4038.69,269.25
16792,282,5,623.46,124.69
16793,57,1,243.84,243.84
16794,1,15,2090.91,139.39
16795,365,3,2492.39,830.8
16796,89,1,305.62,305.62
16797,393,5,1827.77,365.55
16798,554,3,848.71,282.9
16799,432,2,495.98,247.99
16800,11,1,1201.49,1201.49
16801,163,4,1619.73,404.93
16802,679,2,582.61,291.3
16803,65,1,332.3,332.3
16804,23,3,536.99,179.0
16805,174,5,1097.24,219.45
16806,103,4,801.49,200.37
16807,143,6,2123.88,353.98
16808,99,2,288.42,144.21
16809,23,9,1727.43,191.94
16810,192,2,842.04,421.02
16811,5,2,547.07,273.54
16812,361,4,2392.0,598.0
16813,8,10,1692.98,169.3
16814,14,36,12499.71,347.21
16815,454,2,410.97,205.48
16816,103,4,417.06,104.26
16817,3,13,2804.9,215.76
16818,11,11,3349.57,304.51
16819,465,2,182.59,91.3
16820,96,1,497.61,497.61
16821,382,1,113.35,113.35
16822,686,1,181.39,181.39
16823,227,7,2260.09,322.87
16824,16,3,686.24,228.75
16825,39,5,1826.89,365.38
16826,51,1,341.7,341.7
16827,393,5,392.13,78.43
16828,93,2,128.5,64.25
16829,157,2,513.32,256.66
16830,39,4,1207.5,301.88
16831,565,1,91.8,91.8
16832,184,5,417.61,83.52
16833,1,6,2409.04,401.51
16834,228,2,898.96,449.48
16835,128,6,1538.41,256.4
16836,40,4,782.37,195.59
16837,31,11,3170.98,288.27
16838,197,4,1159.61,289.9
16839,9,44,22310.49,507.06
16840,603,2,139.85,69.92
16841,37,12,4006.06,333.84
16842,101,3,1264.19,421.4
16843,43,35,19571.43,559.18
16844,563,2,614.34,307.17
16845,618,1,253.88,253.88
16846,50,3,842.41,280.8
16847,43,2,614.89,307.44
16848,53,4,1411.62,352.9
16849,187,1,124.57,124.57
16850,334,1,332.41,332.41
16851,4,3,342.45,114.15
16852,10,2,144.91,72.46
16854,417,2,1408.96,704.48
16855,24,2,328.4,164.2
16856,15,3,358.49,119.5
16857,443,1,352.8,352.8
16858,369,10,4668.28,466.83
16859,145,7,1932.41,276.06
16860,453,3,1610.62,536.87
16861,60,5,946.59,189.32
16862,547,4,662.33,165.58
16863,31,3,998.52,332.84
16864,434,2,409.25,204.62
16865,402,1,130.95,130.95
16866,141,3,207.74,69.25
16867,690,1,76.74,76.74
16868,394,3,393.39,131.13
16869,23,4,825.42,206.36
16870,469,1,450.16,450.16
16871,22,6,2812.34,468.72
16872,77,6,1213.13,202.19
16873,5,12,14617.39,1218.12
16874,379,1,217.74,217.74
16875,67,11,4234.53,384.96
16876,404,1,136.01,136.01
16877,12,6,853.72,142.29
16878,84,1,13.3,13.3
16880,31,8,1840.86,230.11
16881,67,1,432.0,432.0
16882,67,3,705.12,235.04
16883,187,19,2396.59,126.14
16884,38,4,1073.92,268.48
16885,15,4,710.74,177.68
16886,456,1,134.0,134.0
16887,35,3,660.72,220.24
16888,401,3,437.15,145.72
16889,195,6,2530.9,421.82
16890,477,3,285.41,95.14
16891,2,11,2056.82,186.98
16892,1,7,762.1,108.87
16893,367,2,401.77,200.88
16894,502,3,1324.06,441.35
16895,65,5,1121.42,224.28
16896,555,1,103.95,103.95
16897,299,2,289.78,144.89
16898,26,5,1016.37,203.27
16899,8,8,1721.02,215.13
16900,17,3,887.11,295.7
16901,729,1,204.26,204.26
16902,116,1,1706.88,1706.88
16903,29,3,1062.28,354.09
16904,4,21,5132.37,244.4
16905,5,17,5034.15,296.13
16906,82,7,1448.8,206.97
16907,29,9,1707.9,189.77
16908,722,1,252.59,252.59
16909,72,1,379.14,379.14
16910,4,8,1510.06,188.76
16911,636,2,255.25,127.62
16912,29,15,4480.31,298.69
16913,290,3,423.91,141.3
16914,36,1,208.46,208.46
16915,9,11,1543.18,140.29
16916,24,4,1123.4,280.85
16917,277,2,1857.83,928.92
16918,50,16,3213.29,200.83
16919,156,24,5125.91,213.58
16920,411,1,355.45,355.45
16921,61,3,446.67,148.89
16922,573,1,611.08,611.08
16923,12,32,13378.36,418.07
16924,21,3,846.75,282.25
16925,540,1,125.65,125.65
16926,371,5,1421.35,284.27
16927,116,3,543.05,181.02
16928,80,29,4113.23,141.84
16929,4,7,1295.39,185.06
16930,26,3,380.55,126.85
16931,5,23,5233.62,227.55
16932,53,3,440.71,146.9
16933,1,9,3181.25,353.47
16934,55,6,2110.99,351.83
16935,382,3,535.1,178.37
16936,26,2,551.17,275.58
16937,499,1,202.1,202.1
16938,9,9,7043.18,782.58
16939,489,3,449.0,149.67
16940,52,8,6427.66,803.46
16941,612,1,33.0,33.0
16942,13,9,1920.59,213.4
16943,212,5,1299.49,259.9
16944,610,1,101.36,101.36
16945,22,33,8548.16,259.04
16946,383,5,1222.04,244.41
16947,236,5,955.21,191.04
16948,139,7,868.77,124.11
16949,4,6,1286.27,214.38
16950,57,10,3784.37,378.44
16951,135,3,1277.75,425.92
16952,109,5,798.78,159.76
16953,30,1,20.8,20.8
16954,1,20,6081.88,304.09
16955,185,6,1309.41,218.24
16956,18,1,308.74,308.74
16957,239,2,416.64,208.32
16958,435,1,809.44,809.44
16959,87,1,117.35,117.35
16960,39,8,2043.43,255.43
16961,116,3,794.56,264.85
16962,410,1,251.04,251.04
16963,187,1,110.55,110.55
16964,733,2,207.85,103.92
16965,227,1,201.19,201.19
16966,8,7,2154.97,307.85
16967,189,1,319.02,319.02
16968,4,2,439.43,219.72
16969,39,3,650.41,216.8
16970,626,1,71.4,71.4
16971,38,1,357.21,357.21
16972,383,2,786.25,393.12
16973,386,1,127.0,127.0
16974,523,2,365.5,182.75
16975,423,3,926.12,308.71
16976,267,1,251.52,251.52
16977,395,4,496.0,124.0
16978,78,3,768.88,256.29
16979,4,9,2859.74,317.75
16980,255,3,1473.33,491.11
16982,61,1,384.06,384.06
16983,13,11,3710.22,337.29
16984,88,9,10754.8,1194.98
16985,17,23,10923.16,474.92
16986,30,11,4888.75,444.43
16987,3,11,2535.9,230.54
16988,5,2,382.67,191.34
16989,7,6,1133.25,188.88
16990,219,2,344.0,172.0
16991,421,1,1041.21,1041.21
16992,11,13,5476.5,421.27
16993,464,2,1950.95,975.47
16996,30,9,2123.61,235.96
16997,288,3,702.0,234.0
16998,150,5,402.0,80.4
16999,23,2,484.82,242.41
17000,396,2,406.3,203.15
17001,1,19,6640.8,349.52
17002,86,7,2571.55,367.36
17003,402,4,830.16,207.54
17004,46,4,2425.16,606.29
17005,471,2,742.36,371.18
17006,5,8,1636.32,204.54
17007,51,7,1120.1,160.01
17008,429,1,81.36,81.36
17009,551,1,242.06,242.06
17010,18,1,195.36,195.36
17011,30,3,671.7,223.9
17012,725,1,384.16,384.16
17014,8,3,586.33,195.44
17015,29,3,1842.56,614.19
17016,577,1,552.4,552.4
17017,3,29,14110.61,486.57
17018,41,6,2287.7,381.28
17019,11,11,4012.2,364.75
17020,542,2,935.62,467.81
17021,442,6,1182.22,197.04
17022,31,2,260.0,130.0
17023,417,3,800.18,266.73
17024,45,3,95.85,31.95
17025,61,5,1510.64,302.13
17026,185,3,208.98,69.66
17027,79,9,1327.11,147.46
17028,581,3,1593.83,531.28
17029,111,7,2137.3,305.33
17030,64,1,146.87,146.87
17031,12,6,2773.85,462.31
17032,548,8,3004.6,375.58
17033,86,4,1332.79,333.2
17034,16,5,1283.92,256.78
17035,246,4,613.59,153.4
17036,383,1,176.9,176.9
17037,88,1,1267.32,1267.32
17038,30,2,743.17,371.58
17039,604,1,1954.99,1954.99
17040,138,2,463.25,231.62
17041,27,6,1686.28,281.05
17042,3,5,1044.38,208.88
17043,32,8,2616.55,327.07
17044,25,12,11962.3,996.86
17045,113,5,827.68,165.54
17046,157,5,1906.07,381.21
17047,85,6,2289.23,381.54
17048,118,7,2071.68,295.95
17049,3,19,9947.48,523.55
17050,96,11,4691.79,426.53
17051,194,4,714.39,178.6
17052,28,1,413.75,413.75
17053,131,1,498.48,498.48
17054,28,5,1356.33,271.27
17055,446,1,239.55,239.55
17056,738,1,128.6,128.6
17057,596,1,294.74,294.74
17058,82,3,1179.89,393.3
17059,30,9,5602.53,622.5
17060,266,1,234.24,234.24
17061,74,11,5232.23,475.66
17062,314,6,1208.22,201.37
17063,21,13,3638.53,279.89
17064,59,3,859.35,286.45
17065,638,2,194.7,97.35
17066,726,1,228.34,228.34
17067,725,3,454.54,151.51
17068,12,47,9161.08,194.92
17069,28,14,5794.28,413.88
17070,114,2,445.32,222.66
17071,28,13,3801.2,292.4
17072,625,1,282.05,282.05
17073,18,4,1446.09,361.52
17074,563,1,203.05,203.05
17075,18,10,2241.73,224.17
17076,36,6,1242.75,207.12
17077,578,1,306.0,306.0
17078,36,2,378.2,189.1
17079,78,1,118.8,118.8
17080,22,7,957.53,136.79
17081,25,6,964.39,160.73
17082,33,6,4732.03,788.67
17083,109,9,4049.79,449.98
17084,35,3,5202.97,1734.32
17085,123,28,7891.41,281.84
17086,7,6,2050.08,341.68
17087,738,1,221.53,221.53
17088,28,4,1991.01,497.75
17089,386,1,128.45,128.45
17090,4,13,3149.48,242.27
17091,3,19,7811.1,411.11
17092,50,11,5594.96,508.63
17093,593,1,235.88,235.88
17094,322,2,402.2,201.1
17095,23,7,2572.25,367.46
17096,15,11,3759.18,341.74
17097,2,9,1340.45,148.94
17098,382,3,591.07,197.02
17099,533,1,582.17,582.17
17100,18,2,971.74,485.87
17101,10,7,2507.05,358.15
17102,262,1,25.5,25.5
17103,722,1,424.3,424.3
17104,424,1,474.03,474.03
17105,159,2,665.78,332.89
17106,389,1,491.23,491.23
17107,33,10,16075.42,1607.54
17108,664,1,174.95,174.95
17109,29,8,1295.46,161.93
17110,165,3,510.7,170.23
17111,47,2,476.58,238.29
17112,503,1,205.17,205.17
17113,574,6,2322.59,387.1
17114,6,8,808.62,101.08
17115,8,7,2761.49,394.5
17116,648,1,389.78,389.78
17117,288,1,116.2,116.2
17118,318,1,157.02,157.02
17119,3,2,606.91,303.46
17120,233,1,307.46,307.46
17121,403,1,314.74,314.74
17122,119,4,570.5,142.62
17123,162,3,977.17,325.72
17124,185,1,298.89,298.89
17125,50,1,259.35,259.35
17126,152,9,2070.44,230.05
17127,429,5,1155.03,231.01
17128,335,1,157.09,157.09
17129,520,1,31.85,31.85
17131,5,5,2463.17,492.63
17132,452,2,1272.8,636.4
17133,16,12,14622.33,1218.53
17134,107,3,637.1,212.37
17135,16,10,1954.16,195.42
17136,662,1,231.68,231.68
17137,416,6,1133.63,188.94
17138,276,7,4417.27,631.04
17139,16,25,19584.46,783.38
17140,247,1,465.32,465.32
17141,418,4,754.33,188.58
17142,239,4,1283.75,320.94
17143,417,2,924.11,462.06
17144,1,2,984.57,492.28
17145,513,4,3120.91,780.23
17146,106,13,5860.24,450.79
17147,23,9,3199.95,355.55
17148,52,1,124.88,124.88
17149,451,1,143.1,143.1
17150,377,6,1375.65,229.28
17151,735,1,231.9,231.9
17152,195,4,2016.5,504.12
17153,24,1,213.78,213.78
17154,75,1,329.34,329.34
17155,18,7,892.46,127.49
17156,492,1,591.87,591.87
17157,8,19,5151.9,271.15
17158,32,5,1980.0,396.0
17159,22,5,2099.59,419.92
17160,31,17,10209.16,600.54
17161,444,1,856.01,856.01
17162,29,10,1715.46,171.55
17163,22,4,699.78,174.94
17164,33,7,2467.35,352.48
17165,284,6,1794.32,299.05
17166,39,2,206.34,103.17
17167,380,3,867.11,289.04
17168,499,1,400.2,400.2
17169,58,3,1156.73,385.58
17170,374,2,178.68,89.34
17171,289,2,384.59,192.3
17172,79,3,956.57,318.86
17173,5,8,3766.6,470.82
17174,218,1,59.9,59.9
17175,44,4,1443.69,360.92
17176,202,3,902.32,300.77
17177,505,1,119.5,119.5
17178,731,1,436.71,436.71
17179,178,6,1507.26,251.21
17180,56,11,2256.98,205.18
17181,57,3,465.37,155.12
17182,423,2,321.3,160.65
17183,8,6,3347.31,557.88
17184,569,2,198.41,99.21
17185,592,3,229.46,76.49
17186,47,2,144.0,72.0
17187,227,2,467.71,233.86
17188,11,13,4592.93,353.3
17189,106,5,957.63,191.53
17190,59,7,1743.04,249.01
17191,28,15,4836.05,322.4
17192,536,1,77.83,77.83
17193,36,9,2310.04,256.67
17194,274,3,812.5,270.83
17195,655,1,562.98,562.98
17196,428,1,352.9,352.9
17197,30,1,1013.01,1013.01
17198,24,3,1213.88,404.63
17199,582,1,145.12,145.12
17200,387,4,356.71,89.18
17201,54,4,1242.04,310.51
17202,421,1,160.65,160.65
17203,36,10,5575.88,557.59
17204,175,9,5504.69,611.63
17205,54,3,999.35,333.12
17206,53,1,204.24,204.24
17207,652,1,303.22,303.22
17208,396,1,115.35,115.35
17209,649,3,611.6,203.87
17210,393,1,253.37,253.37
17211,27,13,4046.65,311.28
17212,253,3,794.41,264.8
17213,40,13,5182.3,398.64
17214,60,6,1069.12,178.19
17215,464,1,186.15,186.15
17216,554,1,65.05,65.05
17217,234,2,218.0,109.0
17218,4,18,4192.68,232.93
17219,32,2,259.13,129.56
17220,24,21,4481.75,213.42
17221,7,5,978.52,195.7
17222,65,6,1605.01,267.5
17223,310,3,873.53,291.18
17224,501,1,100.86,100.86
17225,582,1,131.15,131.15
17226,309,3,900.12,300.04
17227,19,12,2022.03,168.5
17228,16,13,3177.24,244.4
17229,96,2,318.76,159.38
17230,264,18,9924.95,551.39
17231,12,25,7197.04,287.88
17232,3,2,421.52,210.76
17233,35,3,560.86,186.95
17234,183,1,149.89,149.89
17235,25,8,1904.88,238.11
17236,13,12,1929.26,160.77
17237,11,4,1002.08,250.52
17238,3,32,7783.1,243.22
17239,313,4,1189.45,297.36
17240,596,1,130.6,130.6
17241,385,12,2744.14,228.68
17242,108,5,2889.28,577.86
17243,1,69,20889.86,302.75
17244,53,5,1826.04,365.21
17245,205,2,371.63,185.82
17246,547,2,38.92,19.46
17247,15,1,282.19,282.19
17248,120,2,546.16,273.08
17249,429,1,68.03,68.03
17250,4,2,384.52,192.26
17251,363,3,812.43,270.81
17252,117,2,353.86,176.93
17253,18,1,178.26,178.26
17254,5,3,470.73,156.91
17255,41,4,799.13,199.78
17256,107,5,498.93,99.79
17257,436,2,192.73,96.36
17258,397,2,417.3,208.65
17259,148,6,1889.34,314.89
17260,411,1,120.95,120.95
17261,510,1,230.44,230.44
17262,52,11,2757.62,250.69
17263,208,1,63.44,63.44
17264,424,1,279.59,279.59
17265,139,2,562.9,281.45
17266,2,5,517.73,103.55
17267,127,2,317.62,158.81
17268,108,11,1733.89,157.63
17269,386,1,537.46,537.46
17270,469,2,604.4,302.2
17271,736,1,210.39,210.39
17272,42,4,2148.63,537.16
17273,424,1,141.12,141.12
17274,35,2,577.38,288.69
17275,383,1,114.52,114.52
17276,402,1,508.39,508.39
17277,228,2,1065.35,532.68
17278,241,2,271.24,135.62
17279,58,1,187.83,187.83
17280,438,1,118.86,118.86
17281,374,6,797.85,132.98
17282,130,5,2339.66,467.93
17283,379,1,188.46,188.46
17284,60,8,2793.16,349.14
17285,628,2,428.34,214.17
17286,22,3,395.48,131.83
17287,26,21,4111.96,195.81
17288,9,11,2499.98,227.27
17289,32,9,2079.39,231.04
17290,4,8,1501.44,187.68
17291,308,1,550.8,550.8
17292,472,2,271.75,135.88
17293,8,17,3774.23,222.01
17294,669,2,467.79,233.9
17295,29,3,556.95,185.65
17296,730,1,338.13,338.13
17297,17,1,131.78,131.78
17298,101,5,957.56,191.51
17299,12,6,1016.08,169.35
17300,391,2,393.64,196.82
17301,21,2,330.43,165.22
17302,15,5,1135.63,227.13
17303,361,1,250.04,250.04
17304,534,1,111.5,111.5
17305,649,1,2135.46,2135.46
17306,11,21,9782.35,465.83
17307,395,11,3999.89,363.63
17308,393,2,4511.76,2255.88
17309,95,3,330.59,110.2
17310,387,2,1025.1,512.55
17311,78,6,3566.56,594.43
17312,139,3,644.3,214.77
17313,31,1,2328.84,2328.84
17314,25,17,4904.43,288.5
17315,2,43,9650.6,224.43
17316,420,1,124.45,124.45
17317,46,3,2600.34,866.78
17318,725,1,164.28,164.28
17319,669,1,29.1,29.1
17320,100,6,2895.77,482.63
17321,8,6,1741.18,290.2
17322,376,5,922.59,184.52
17323,15,12,1565.59,130.47
17324,18,12,2301.87,191.82
17325,280,3,609.57,203.19
17326,408,2,321.95,160.98
17327,410,2,152.35,76.18
17328,673,1,104.7,104.7
17329,14,5,1004.43,200.89
17330,23,4,423.8,105.95
17331,124,1,175.2,175.2
17332,528,5,838.27,167.65
17333,86,1,494.25,494.25
17334,302,3,635.15,211.72
17335,384,2,508.0,254.0
17336,472,1,81.12,81.12
17337,151,4,2027.87,506.97
17338,17,17,12142.57,714.27
17339,94,3,362.36,120.79
17340,30,18,22404.82,1244.71
17341,157,5,1889.83,377.97
17342,380,4,1227.54,306.88
17343,355,6,1259.94,209.99
17344,46,2,468.11,234.06
17345,15,10,1604.68,160.47
17346,4,26,5323.0,204.73
17347,86,1,228.96,228.96
17348,15,9,2476.41,275.16
17349,179,5,852.25,170.45
17350,8,7,1906.04,272.29
17351,36,12,1988.23,165.69
17352,696,1,36.25,36.25
17353,129,4,3242.0,810.5
17354,51,4,3143.46,785.86
17355,386,1,285.11,285.11
17356,312,5,946.47,189.29
17357,24,2,388.14,194.07
17358,303,5,866.05,173.21
17359,11,2,284.46,142.23
17360,17,6,1231.38,205.23
17361,49,5,880.64,176.13
17362,239,7,1024.04,146.29
17363,395,3,940.86,313.62
17364,1,28,12070.42,431.09
17365,13,15,8224.98,548.33
17366,432,2,1096.24,548.12
17367,238,1,168.4,168.4
17368,23,14,2826.14,201.87
17369,456,1,979.2,979.2
17370,73,4,446.18,111.54
17371,17,6,662.55,110.42
17372,41,28,4377.56,156.34
17373,40,7,1167.5,166.79
17374,219,3,727.11,242.37
17375,199,4,660.55,165.14
17376,71,4,453.64,113.41
17377,24,78,18319.41,234.86
17378,374,1,10.95,10.95
17379,11,1,404.66,404.66
17380,434,3,645.0,215.0
17381,9,38,40002.37,1052.69
17382,65,8,902.28,112.78
17383,4,2,309.99,155.0
17384,19,3,507.55,169.18
17385,15,1,261.11,261.11
17386,8,7,2812.77,401.82
17387,20,2,784.11,392.06
17388,78,11,2691.57,244.69
17389,1,61,57224.68,938.11
17390,421,1,149.3,149.3
17391,164,2,508.8,254.4
17392,307,3,626.56,208.85
17393,411,2,381.15,190.58
17394,219,1,203.87,203.87
17395,508,1,97.5,97.5
17396,39,14,8807.1,629.08
17397,22,3,1233.18,411.06
17398,115,3,653.38,217.79
17400,126,8,4677.05,584.63
17401,541,1,114.85,114.85
17402,5,23,5096.18,221.57
17403,36,2,400.57,200.28
17404,4,23,47781.12,2077.44
17405,1,3,1031.41,343.8
17406,333,13,4905.05,377.31
17407,412,1,552.9,552.9
17408,163,3,316.09,105.36
17409,185,10,7793.51,779.35
17410,16,5,1214.72,242.94
17411,12,5,1425.38,285.08
17412,3,16,4417.52,276.1
17413,405,2,560.14,280.07
17414,44,6,2249.52,374.92
17415,80,1,507.84,507.84
17416,30,22,17298.45,786.29
17417,549,1,164.18,164.18
17418,42,3,670.06,223.35
17419,11,18,6500.52,361.14
17420,50,6,1084.43,180.74
17421,386,3,1059.41,353.14
17422,16,11,3594.76,326.8
17423,46,3,1118.95,372.98
17425,19,2,759.17,379.58
17426,8,13,8077.77,621.37
17427,72,1,100.8,100.8
17428,1,45,31819.76,707.11
17429,128,5,1357.46,271.49
17430,33,4,735.17,183.79
17431,313,1,403.3,403.3
17432,18,9,1751.39,194.6
17433,88,2,569.96,284.98
17434,2,7,2373.82,339.12
17435,411,1,331.35,331.35
17436,2,5,534.06,106.81
17437,530,1,373.17,373.17
17438,254,5,1422.77,284.55
17439,656,1,325.74,325.74
17440,157,4,323.58,80.9
17441,732,1,293.35,293.35
17442,37,15,4620.3,308.02
17443,220,1,534.24,534.24
17444,148,3,2940.04,980.01
17446,177,2,120.9,60.45
17447,40,2,541.53,270.76
17448,497,46,14556.97,316.46
17449,2,13,4951.15,380.86
17450,8,51,246973.09,4842.61
17451,1,7,1721.4,245.91
17453,18,2,486.72,243.36
17454,192,10,1547.94,154.79
17455,204,1,131.7,131.7
17456,365,2,1225.42,612.71
17457,127,14,5984.81,427.49
17458,15,2,529.58,264.79
17459,43,2,657.3,328.65
17460,94,16,2228.27,139.27
17461,23,3,757.46,252.49
17462,60,2,675.69,337.84
17463,16,7,2557.91,365.42
17464,158,3,1000.94,333.65
17465,426,7,2542.79,363.26
17466,10,2,763.28,381.64
17467,395,1,102.6,102.6
17468,10,3,194.8,64.93
17469,16,17,5051.25,297.13
17470,45,11,2804.87,254.99
17471,475,1,321.65,321.65
17472,191,4,935.1,233.78
17473,409,2,607.0,303.5
17474,600,1,1047.0,1047.0
17475,79,1,194.37,194.37
17476,396,2,489.86,244.93
17477,613,2,1144.3,572.15
17478,408,2,1272.8,636.4
17479,633,1,389.26,389.26
17480,78,2,902.03,451.02
17481,4,4,1255.59,313.9
17482,487,2,778.19,389.1
17483,65,4,591.73,147.93
17484,576,2,209.57,104.78
17486,261,1,396.87,396.87
17487,728,1,160.55,160.55
17488,641,1,336.5,336.5
17489,59,2,376.64,188.32
17490,1,9,2750.5,305.61
17491,1,17,5981.07,351.83
17492,248,3,1122.42,374.14
17493,385,1,100.91,100.91
17494,502,1,54.7,54.7
17495,8,3,806.72,268.91
17496,359,4,1412.89,353.22
17497,390,2,287.25,143.62
17498,76,1,272.22,272.22
17499,290,2,1341.39,670.7
17500,17,3,1138.0,379.33
17501,221,2,288.6,144.3
17502,9,4,689.1,172.28
17503,3,2,558.96,279.48
17504,206,18,9565.12,531.4
17505,162,5,2435.48,487.1
17506,76,1,302.2,302.2
17507,262,2,605.58,302.79
17508,281,8,4579.23,572.4
17509,58,8,6115.14,764.39
17510,25,2,514.56,257.28
17511,3,60,175603.55,2926.73
17512,29,18,5467.82,303.77
17513,72,3,1158.8,386.27
17514,128,2,542.83,271.42
17515,31,9,1617.46,179.72
17516,15,6,957.55,159.59
17517,309,1,153.94,153.94
17518,426,2,329.42,164.71
17519,17,15,5109.47,340.63
17520,54,1,546.81,546.81
17521,30,5,1278.06,255.61
17522,2,5,1070.71,214.14
17523,11,4,652.74,163.18
17524,361,3,539.14,179.71
17525,360,3,1161.9,387.3
17526,5,12,4166.04,347.17
17527,54,4,939.37,234.84
17528,1,8,3628.5,453.56
17529,610,2,1240.25,620.12
17530,1,12,3141.51,261.79
17531,190,3,1266.82,422.27
17532,386,1,65.34,65.34
17533,435,1,34.8,34.8
17534,54,5,1668.83,333.77
17535,280,1,164.4,164.4
17536,177,3,364.83,121.61
17537,30,2,897.62,448.81
17538,26,1,98.42,98.42
17539,618,4,1226.57,306.64
17540,25,6,1590.6,265.1
17541,510,1,124.46,124.46
17542,270,3,341.7,113.9
17543,550,1,120.05,120.05
17544,390,3,960.69,320.23
17545,43,6,1448.54,241.42
17547,376,2,727.85,363.92
17548,234,4,731.26,182.82
17549,24,2,148.86,74.43
17550,197,9,2547.64,283.07
17551,359,1,306.84,306.84
17552,60,12,3085.29,257.11
17553,130,4,3757.6,939.4
17554,1,5,1952.45,390.49
17555,20,5,1057.74,211.55
17556,206,2,300.67,150.34
17557,14,4,575.46,143.86
17558,393,1,259.17,259.17
17559,513,1,167.62,167.62
17560,95,8,1895.8,236.98
17561,19,4,722.34,180.58
17562,14,7,1122.38,160.34
17563,578,2,392.38,196.19
17564,24,3,454.01,151.34
17565,587,1,131.83,131.83
17566,8,2,901.21,450.6
17567,7,9,5356.03,595.11
17568,633,1,382.79,382.79
17569,332,1,344.14,344.14
17570,382,1,100.0,100.0
17571,50,5,1703.75,340.75
17572,71,10,723.01,72.3
17573,29,3,380.6,126.87
17574,243,1,185.65,185.65
17575,667,1,171.7,171.7
17576,8,41,9056.81,220.9
17577,645,2,348.75,174.38
17578,218,7,1047.33,149.62
17579,5,4,753.28,188.32
17580,253,5,545.27,109.05
17581,1,43,18757.75,436.23
17582,236,5,1450.7,290.14
17583,560,1,135.95,135.95
17584,7,6,5309.42,884.9
17585,109,7,2093.3,299.04
17586,619,1,167.4,167.4
17587,628,1,181.66,181.66
17588,100,7,2939.55,419.94
17589,60,18,14049.87,780.55
17590,2,3,1479.22,493.07
17591,73,8,2776.67,347.08
17592,739,1,148.3,148.3
17593,4,11,8095.8,735.98
17594,85,4,2497.88,624.47
17595,12,2,388.79,194.4
17596,23,13,4920.67,378.51
17597,214,5,3484.09,696.82
17598,381,1,409.98,409.98
17599,478,1,52.05,52.05
17600,18,1,161.67,161.67
17601,239,2,421.48,210.74
17602,2,14,7451.13,532.22
17603,78,4,1793.48,448.37
17604,217,6,945.93,157.66
17605,590,1,160.75,160.75
17606,737,1,87.3,87.3
17607,376,1,333.81,333.81
17608,33,4,498.53,124.63
17609,41,11,1894.34,172.21
17610,540,5,1529.49,305.9
17611,7,28,8371.98,299.0
17612,53,18,5394.86,299.71
17613,23,14,4559.15,325.65
17614,57,1,390.07,390.07
17615,130,6,733.2,122.2
17616,174,4,1060.8,265.2
17617,559,1,395.33,395.33
17618,6,11,4073.24,370.29
17619,312,1,218.52,218.52
17620,60,1,81.44,81.44
17621,21,6,3175.12,529.19
17622,598,2,1130.21,565.1
17623,33,7,2383.67,340.52
17624,15,4,1568.63,392.16
17625,18,8,6067.8,758.48
17626,603,1,254.0,254.0
17627,479,1,296.36,296.36
17628,81,1,75.75,75.75
17629,6,10,2455.52,245.55
17630,170,2,503.6,251.8
17631,2,7,998.49,142.64
17633,31,7,2057.39,293.91
17634,36,9,2361.97,262.44
17635,424,3,1265.58,421.86
17636,19,1,285.56,285.56
17637,31,2,547.06,273.53
17638,647,2,842.4,421.2
17639,276,6,615.17,102.53
17640,87,6,3168.94,528.16
17642,120,5,1824.49,364.9
17643,373,2,541.25,270.62
17644,1,20,6028.6,301.43
17646,219,12,4149.79,345.82
17647,65,3,331.66,110.55
17648,61,5,2216.37,443.27
17649,138,3,1578.89,526.3
17650,21,1,166.08,166.08
17651,12,16,5703.52,356.47
17652,25,12,4867.72,405.64
17653,37,4,1207.56,301.89
17654,277,1,117.55,117.55
17655,11,9,3652.48,405.83
17656,73,5,1674.69,334.94
17657,430,1,126.0,126.0
17658,26,2,595.42,297.71
17659,17,14,3834.79,273.91
17660,141,2,359.47,179.74
17662,662,2,412.92,206.46
17663,26,17,5175.83,304.46
17664,19,4,1166.23,291.56
17665,493,1,563.1,563.1
17666,4,5,2047.8,409.56
17667,66,9,3950.7,438.97
17668,1,2,347.75,173.88
17669,43,10,6142.35,614.24
17670,228,1,205.7,205.7
17671,16,5,2403.34,480.67
17672,50,7,5778.63,825.52
17673,2,13,4233.58,325.66
17674,74,2,851.7,425.85
17675,1,70,38259.6,546.57
17676,4,10,2765.84,276.58
17677,2,54,36692.91,679.5
17678,264,2,599.76,299.88
17679,53,7,3577.61,511.09
17680,24,3,497.45,165.82
17681,597,5,731.2,146.24
17682,10,11,4456.78,405.16
17683,386,3,819.01,273.0
17684,44,1,239.41,239.41
17685,17,12,5943.17,495.26
17686,7,9,8296.81,921.87
17687,421,1,432.68,432.68
17688,394,1,304.2,304.2
17689,388,2,317.08,158.54
17690,30,20,7448.1,372.4
17691,358,4,780.05,195.01
17692,127,12,2975.8,247.98
17693,137,1,200.47,200.47
17694,142,3,1695.97,565.32
17695,132,5,1746.04,349.21
17696,38,27,7679.59,284.43
17697,236,1,338.95,338.95
17698,261,1,154.95,154.95
17699,477,2,442.0,221.0
17700,17,14,6679.97,477.14
17701,253,1,417.95,417.95
17702,30,6,3144.04,524.01
17703,35,4,1094.84,273.71
17704,169,2,885.19,442.6
17705,3,11,2083.9,189.45
17706,4,31,20749.98,669.35
17707,185,8,609.3,76.16
17708,188,4,887.93,221.98
17709,170,5,671.01,134.2
17710,424,1,293.5,293.5
17711,11,2,385.1,192.55
17712,45,1,522.91,522.91
17713,382,4,1198.09,299.52
17714,321,5,1410.18,282.04
17715,201,2,489.6,244.8
17716,23,24,15956.97,664.87
17717,421,1,376.92,376.92
17718,232,2,439.18,219.59
17719,38,15,5396.04,359.74
17720,26,10,2768.91,276.89
17721,659,1,307.21,307.21
17722,96,5,4430.36,886.07
17723,127,7,3378.4,482.63
17724,71,3,1033.0,344.33
17725,16,11,3439.08,312.64
17726,395,7,1092.06,156.01
17727,15,1,1060.25,1060.25
17728,4,5,4238.76,847.75
17729,596,1,438.65,438.65
17730,3,20,7773.8,388.69
17731,79,6,1708.99,284.83
17732,373,8,2470.39,308.8
17733,39,2,692.19,346.1
17734,54,6,1442.32,240.39
17735,2,26,17244.93,663.27
17736,9,3,377.44,125.81
17737,9,2,168.24,84.12
17738,19,13,4183.56,321.81
17739,12,18,7730.59,429.48
17740,389,6,426.9,71.15
17741,407,2,101.1,50.55
17742,113,11,2098.48,190.77
17743,448,1,229.2,229.2
17744,4,7,2649.14,378.45
17745,478,2,600.34,300.17
17746,240,4,904.18,226.04
17747,113,1,71.4,71.4
17748,527,1,358.15,358.15
17749,178,3,1026.18,342.06
17750,5,9,1797.57,199.73
17751,421,1,157.86,157.86
17752,359,1,80.64,80.64
17753,464,4,390.56,97.64
17754,1,13,4577.53,352.12
17756,376,3,733.7,244.57
17757,1,56,9422.45,168.26
17758,19,12,5012.53,417.71
17759,17,5,1276.91,255.38
17760,22,6,918.93,153.16
17761,33,1,712.78,712.78
17762,456,1,129.75,129.75
17763,263,4,86.15,21.54
17764,51,5,1623.64,324.73
17765,159,4,530.8,132.7
17766,381,2,299.61,149.8
17767,15,2,413.05,206.52
17768,8,7,3509.51,501.36
17769,13,17,7103.08,417.83
17770,199,5,1143.27,228.65
17771,57,4,387.41,96.85
17772,11,3,384.77,128.26
17773,514,2,585.27,292.64
17774,97,9,3328.05,369.78
17775,255,1,56.4,56.4
17776,387,2,338.56,169.28
17777,25,3,665.86,221.95
17778,662,1,197.7,197.7
17779,21,3,658.57,219.52
17780,667,3,352.91,117.64
17781,159,2,188.02,94.01
17782,383,2,679.02,339.51
17783,72,3,379.91,126.64
17784,550,1,112.86,112.86
17785,53,3,403.38,134.46
17786,85,2,278.74,139.37
17787,153,4,2601.47,650.37
17788,74,2,1117.9,558.95
17789,281,2,397.15,198.58
17790,27,20,2783.61,139.18
17791,30,1,106.1,106.1
17792,467,2,370.05,185.02
17793,25,1,323.04,323.04
17794,687,2,147.3,73.65
17795,180,2,350.39,175.2
17796,40,7,1361.99,194.57
17797,22,8,1985.87,248.23
17798,582,1,183.09,183.09
17799,22,20,6341.89,317.09
17800,37,9,1199.01,133.22
17801,451,3,798.33,266.11
17802,82,10,5053.12,505.31
17803,392,1,184.66,184.66
17804,376,3,385.23,128.41
17805,74,2,927.03,463.52
17806,11,1,546.04,546.04
17807,395,3,437.87,145.96
17808,549,4,262.64,65.66
17809,16,20,11337.39,566.87
17810,669,2,374.81,187.4
17811,4,47,9609.8,204.46
17812,13,7,1165.89,166.56
17813,14,5,1770.88,354.18
17814,375,2,1617.32,808.66
17815,393,1,591.96,591.96
17816,37,6,112.32,18.72
17817,4,6,807.85,134.64
17818,738,1,130.18,130.18
17819,72,12,6612.52,551.04
17820,374,1,183.56,183.56
17821,406,1,334.62,334.62
17822,420,5,2188.5,437.7
17823,421,2,494.25,247.12
17824,51,1,298.4,298.4
17825,599,4,731.96,182.99
17826,374,1,134.59,134.59
17827,5,6,2388.05,398.01
17828,23,4,1820.09,455.02
17829,299,5,4756.74,951.35
17830,2,3,398.7,132.9
17831,33,1,35.4,35.4
17832,50,1,155.37,155.37
17833,723,1,342.36,342.36
17834,415,2,730.47,365.24
17835,3,3,350.64,116.88
17836,47,1,110.21,110.21
17837,42,8,1593.38,199.17
17838,27,13,6722.9,517.15
17839,42,1,338.8,338.8
17840,444,1,185.72,185.72
17841,2,211,70884.07,335.94
17842,602,1,430.69,430.69
17843,303,2,326.23,163.12
17844,107,1,51.56,51.56
17845,555,4,598.19,149.55
17846,85,1,2033.1,2033.1
17847,516,2,129.69,64.84
17848,81,30,3650.9,121.7
17849,218,8,1063.76,132.97
17850,372,155,56600.08,365.16
17851,422,6,1563.34,260.56
17852,12,5,663.21,132.64
17853,407,3,1608.19,536.06
17854,185,6,1071.45,178.58
17855,373,1,417.94,417.94
17856,2,4,1418.03,354.51
17857,4,24,28682.24,1195.09
17858,6,30,12797.65,426.59
17859,305,1,148.21,148.21
17860,369,4,1015.54,253.88
17861,3,18,5127.69,284.87
17862,324,4,1279.09,319.77
17863,59,12,5745.2,478.77
17864,13,5,924.32,184.86
17865,31,46,26374.39,573.36
17866,143,3,1134.95,378.32
17867,30,15,1621.28,108.09
17868,386,1,234.65,234.65
17869,107,7,1036.16,148.02
17870,2,13,3108.15,239.09
17871,205,5,1118.99,223.8
17872,382,1,235.87,235.87
17873,80,18,6515.88,361.99
17874,185,6,683.46,113.91
17875,688,1,167.1,167.1
17876,400,3,3424.02,1141.34
17877,170,1,237.61,237.61
17878,44,3,1412.33,470.78
17879,174,1,178.52,178.52
17880,365,3,824.92,274.97
17881,304,1,133.35,133.35
17882,379,2,313.46,156.73
17883,3,7,995.85,142.26
17884,4,20,3072.89,153.64
17885,12,1,190.19,190.19
17886,32,6,1608.38,268.06
17887,129,1,111.35,111.35
17888,21,25,1820.44,72.82
17889,212,7,774.87,110.7
17890,323,2,602.09,301.04
17891,162,1,203.86,203.86
17892,56,3,244.1,81.37
17893,225,1,112.25,112.25
17894,72,18,2453.38,136.3
17895,44,1,98.0,98.0
17896,23,1,256.32,256.32
17897,173,9,2585.0,287.22
17898,85,4,299.18,74.8
17899,159,1,155.8,155.8
17900,190,2,112.2,56.1
17901,29,3,260.08,86.69
17902,547,1,216.4,216.4
17903,394,1,381.09,381.09
17904,21,1,191.67,191.67
17905,71,13,2383.52,183.35
17906,247,1,72.9,72.9
17907,641,1,291.76,291.76
17908,374,5,1411.54,282.31
17909,737,1,132.55,132.55
17910,726,1,261.7,261.7
17911,9,1,366.23,366.23
17912,310,6,375.5,62.58
17913,59,14,3479.64,248.55
17914,4,1,336.43,336.43
17915,551,1,242.13,242.13
17916,629,2,43.87,21.94
17917,45,3,341.28,113.76
17918,501,3,396.39,132.13
17919,88,2,1840.32,920.16
17920,4,54,24516.46,454.01
17921,64,10,2423.5,242.35
17922,543,1,170.4,170.4
17923,282,3,497.0,165.67
17924,12,8,3536.7,442.09
17925,373,1,488.16,488.16
17926,133,5,1035.49,207.1
17927,722,1,294.0,294.0
17928,45,3,341.24,113.75
17929,11,12,3082.1,256.84
17930,36,13,4275.22,328.86
17931,134,14,3437.29,245.52
17932,29,3,1331.57,443.86
17933,632,1,114.69,114.69
17934,52,3,1049.15,349.72
17935,138,7,686.14,98.02
17936,5,1,389.84,389.84
17937,9,7,4301.22,614.46
17938,420,1,144.29,144.29
17939,160,1,99.14,99.14
17940,49,16,30393.19,1899.57
17941,131,4,1433.28,358.32
17942,8,1,77.5,77.5
17944,423,1,75.41,75.41
17945,697,3,360.35,120.12
17946,233,2,149.58,74.79
17947,37,1,176.68,176.68
17948,147,1,358.56,358.56
17949,1,118,118628.08,1005.32
17950,72,7,1432.81,204.69
17951,40,4,1636.08,409.02
17952,378,4,819.61,204.9
17953,540,1,160.82,160.82
17954,5,19,3966.05,208.74
17955,199,6,949.9,158.32
17956,249,1,12.75,12.75
17957,66,1,111.68,111.68
17958,117,2,973.88,486.94
17959,592,1,140.75,140.75
17960,171,3,135.08,45.03
17961,21,100,2995.54,29.96
17962,142,4,687.42,171.86
17963,471,4,651.51,162.88
17964,32,2,733.46,366.73
17965,38,29,7240.98,249.69
17966,38,10,1974.42,197.44
17967,372,2,357.29,178.64
17968,374,4,888.04,222.01
17969,166,20,2369.94,118.5
17970,211,1,582.59,582.59
17971,548,1,161.94,161.94
17972,242,1,136.04,136.04
17973,52,1,337.04,337.04
17974,25,6,1858.06,309.68
17975,15,24,7028.83,292.87
17976,372,1,706.38,706.38
17977,29,2,1565.63,782.82
17978,365,4,1461.76,365.44
17979,36,4,757.71,189.43
17980,166,4,1033.42,258.36
17981,411,1,239.12,239.12
17982,681,1,138.18,138.18
17983,395,1,171.71,171.71
17984,145,5,1191.27,238.25
17985,22,1,634.95,634.95
17986,56,1,20.8,20.8
17987,185,5,1003.64,200.73
17988,12,14,489.54,34.97
17989,379,1,228.83,228.83
17990,237,6,1527.61,254.6
17991,225,3,320.55,106.85
17992,389,1,254.13,254.13
17993,617,1,235.19,235.19
17994,122,11,2313.32,210.3
17995,282,3,495.48,165.16
17996,380,3,482.33,160.78
17997,74,8,1970.67,246.33
17998,380,3,639.24,213.08
17999,37,3,730.9,243.63
18000,564,1,124.25,124.25
18001,12,6,953.84,158.97
18002,376,4,249.92,62.48
18003,376,1,358.61,358.61
18004,362,1,169.47,169.47
18005,4,2,249.72,124.86
18006,23,4,997.86,249.46
18007,393,1,220.32,220.32
18008,70,23,19787.13,860.31
18009,235,8,2155.83,269.48
18010,257,1,174.8,174.8
18011,373,2,527.03,263.52
18012,723,1,115.3,115.3
18013,155,2,187.29,93.64
18014,28,1,166.42,166.42
18015,4,1,120.03,120.03
18016,32,7,1960.46,280.07
18017,81,4,688.0,172.0
18018,108,4,297.99,74.5
18019,52,1,38.45,38.45
18020,544,1,190.48,190.48
18021,510,2,227.06,113.53
18022,36,5,1651.79,330.36
18024,153,2,389.78,194.89
18025,380,6,1177.72,196.29
18026,501,2,2074.07,1037.04
18027,99,1,115.31,115.31
18028,583,1,192.05,192.05
18029,642,1,433.77,433.77
18030,4,2,230.65,115.32
18031,379,1,462.1,462.1
18032,334,1,73.5,73.5
18033,65,1,97.97,97.97
18034,22,3,793.7,264.57
18035,36,5,1276.74,255.35
18036,32,11,1563.64,142.15
18037,154,15,167.42,11.16
18038,556,1,149.41,149.41
18039,374,4,579.17,144.79
18040,19,2,357.2,178.6
18041,12,38,8752.38,230.33
18042,54,2,281.15,140.57
18043,25,3,875.97,291.99
18044,4,18,3505.61,194.76
18045,45,1,189.4,189.4
18046,650,1,189.63,189.63
18047,381,2,342.69,171.34
18048,203,3,401.73,133.91
18049,437,2,556.52,278.26
18050,359,2,412.06,206.03
18051,634,7,2282.28,326.04
18052,565,1,10877.18,10877.18
18053,71,3,571.07,190.36
18054,393,1,176.5,176.5
18055,7,14,11195.57,799.68
18056,288,2,554.6,277.3
18057,393,3,1203.56,401.19
18058,10,3,774.06,258.02
18059,23,3,306.46,102.15
18060,408,2,1185.46,592.73
18061,22,28,6488.97,231.75
18062,173,6,1632.67,272.11
18063,391,2,186.6,93.3
18064,133,11,4495.03,408.64
18065,6,29,5866.63,202.3
18066,75,3,1440.4,480.13
18067,40,1,396.33,396.33
18068,289,1,101.7,101.7
18069,26,11,4540.56,412.78
18070,669,1,314.1,314.1
18071,258,6,1428.63,238.1
18072,186,1,247.44,247.44
18073,114,12,3877.52,323.13
18074,374,2,1509.04,754.52
18075,23,20,5783.29,289.16
18076,380,1,151.49,151.49
18077,8,18,4338.56,241.03
18078,217,4,844.6,211.15
18079,45,5,4242.75,848.55
18080,19,2,1231.5,615.75
18081,36,3,343.45,114.48
18082,26,1,703.37,703.37
18083,398,1,470.73,470.73
18084,16,3,812.93,270.98
18085,330,4,1645.75,411.44
18086,274,1,101.34,101.34
18087,98,17,14761.52,868.32
18088,61,1,167.67,167.67
18089,447,1,428.45,428.45
18090,422,1,349.4,349.4
18091,593,1,360.85,360.85
18092,2,18,16179.44,898.86
18093,93,8,4452.71,556.59
18094,82,13,6391.52,491.66
18095,313,5,2303.09,460.62
18096,12,6,1805.28,300.88
18097,8,11,4663.32,423.94
18098,396,1,550.84,550.84
18099,127,1,168.31,168.31
18100,550,1,451.56,451.56
18101,11,5,629.16,125.83
18102,1,145,608821.65,4198.77
18103,549,1,105.8,105.8
18104,37,1,754.64,754.64
18105,38,1,113.48,113.48
18106,330,6,1461.46,243.58
18107,442,1,167.13,167.13
18108,254,3,848.81,282.94
18109,2,38,9893.96,260.37
18110,20,2,435.43,217.72
18111,589,1,405.85,405.85
18112,12,4,775.96,193.99
18113,369,1,152.64,152.64
18114,290,1,220.1,220.1
18115,698,1,9.7,9.7
18116,68,13,2154.3,165.72
18117,26,1,320.72,320.72
18118,11,29,6733.22,232.18
18119,368,1,362.24,362.24
18120,214,1,111.15,111.15
18121,149,2,673.1,336.55
18122,8,6,1826.21,304.37
18123,24,3,684.59,228.2
18124,472,1,111.53,111.53
18125,30,4,1142.99,285.75
18126,61,1,206.83,206.83
18127,19,4,561.53,140.38
18128,537,1,420.04,420.04
18129,243,1,112.55,112.55
18130,15,3,1059.39,353.13
18131,632,1,222.96,222.96
18132,504,1,226.9,226.9
18133,212,1,931.5,931.5
18134,598,2,445.0,222.5
18135,29,10,1249.62,124.96
18136,63,5,1631.36,326.27
18137,551,2,145.99,73.0
18138,295,1,152.65,152.65
18139,18,6,8438.34,1406.39
18140,474,1,536.41,536.41
18141,402,2,882.47,441.24
18142,157,2,1019.52,509.76
18143,117,2,1000.16,500.08
18144,8,19,5058.0,266.21
18145,13,11,5617.79,510.71
18146,141,2,160.35,80.18
18147,46,2,179.34,89.67
18148,647,1,114.1,114.1
18149,51,7,1624.71,232.1
18150,32,3,566.58,188.86
18151,135,6,1879.44,313.24
18152,646,1,426.69,426.69
18153,659,1,246.22,246.22
18154,3,5,932.6,186.52
18155,75,3,371.62,123.87
18156,13,2,941.17,470.58
18157,571,1,215.35,215.35
18158,9,2,453.4,226.7
18159,301,1,530.15,530.15
18160,57,3,1003.88,334.63
18161,15,6,1803.1,300.52
18162,732,1,379.16,379.16
18163,584,1,728.84,728.84
18164,37,1,399.65,399.65
18165,177,1,302.46,302.46
18166,624,1,175.5,175.5
18167,23,3,1384.86,461.62
18168,176,16,3770.27,235.64
18169,61,1,202.65,202.65
18170,33,9,2878.0,319.78
18171,59,9,2437.31,270.81
18172,15,52,17479.84,336.15
18173,87,5,2696.36,539.27
18174,7,2,162.5,81.25
18175,676,1,176.1,176.1
18176,358,1,476.35,476.35
18177,31,9,2216.87,246.32
18178,129,11,6103.74,554.89
18179,9,8,2547.55,318.44
18180,5,6,1843.75,307.29
18181,24,5,1205.94,241.19
18182,463,1,291.13,291.13
18183,227,2,632.07,316.04
18184,15,1,49.8,49.8
18185,249,1,304.25,304.25
18186,723,1,329.58,329.58
18187,632,1,724.89,724.89
18188,15,6,3280.59,546.76
18189,78,3,1403.73,467.91
18190,192,5,745.62,149.12
18191,262,2,529.4,264.7
18192,72,1,957.97,957.97
18193,165,3,1207.35,402.45
18194,82,6,4162.04,693.67
18195,387,1,101.16,101.16
18196,95,4,1464.31,366.08
18197,576,1,230.1,230.1
18198,4,17,5425.56,319.15
18199,684,1,344.75,344.75
18200,106,1,163.8,163.8
18201,723,1,447.53,447.53
18202,200,3,1396.99,465.66
18203,157,4,504.42,126.1
18204,71,3,1993.7,664.57
18205,36,2,517.36,258.68
18206,553,1,314.66,314.66
18207,499,1,544.47,544.47
18208,566,1,360.08,360.08
18209,29,1,139.1,139.1
18210,2,7,2768.83,395.55
18211,26,5,600.07,120.01
18212,326,2,546.72,273.36
18213,237,1,232.48,232.48
18214,531,4,1780.34,445.08
18215,89,5,2247.49,449.5
18216,31,1,481.75,481.75
18217,29,4,945.04,236.26
18218,211,4,1142.0,285.5
18219,3,17,3562.89,209.58
18220,227,6,1921.76,320.29
18221,22,6,1424.94,237.49
18222,93,1,443.0,443.0
18223,5,26,14000.85,538.49
18224,264,1,158.95,158.95
18225,3,26,13054.26,502.09
18226,44,26,11878.88,456.88
18227,218,2,388.75,194.38
18228,57,2,779.9,389.95
18229,12,28,10803.71,385.85
18230,9,9,4291.06,476.78
18231,192,28,6880.97,245.75
18232,82,4,592.97,148.24
18233,326,1,440.0,440.0
18234,552,1,179.6,179.6
18235,72,3,1796.48,598.83
18236,30,12,1795.35,149.61
18237,3,5,987.1,197.42
18238,515,1,270.92,270.92
18239,219,6,2150.36,358.39
18240,46,1,422.58,422.58
18241,10,21,2986.99,142.24
18242,72,8,3605.21,450.65
18243,414,1,515.78,515.78
18244,431,2,568.64,284.32
18245,7,20,6324.98,316.25
18246,24,3,758.82,252.94
18247,415,3,839.73,279.91
18248,123,2,804.02,402.01
18249,17,1,95.34,95.34
18250,310,1,349.27,349.27
18251,87,9,26278.86,2919.87
18252,51,7,1542.09,220.3
18253,643,1,317.88,317.88
18254,581,1,267.9,267.9
18255,89,2,303.15,151.57
18256,388,1,110.7,110.7
18257,39,12,4600.15,383.35
18258,464,6,2059.67,343.28
18259,25,7,4318.2,616.89
18260,173,23,9962.11,433.14
18261,43,2,324.24,162.12
18262,140,3,577.54,192.51
18263,26,3,1213.16,404.39
18264,499,1,603.25,603.25
18265,72,2,801.51,400.76
18266,434,1,251.1,251.1
18267,673,1,269.37,269.37
18268,134,6,1490.23,248.37
18269,366,1,337.2,337.2
18270,38,3,444.55,148.18
18271,610,2,680.85,340.42
18272,3,9,4385.98,487.33
18273,2,4,357.0,89.25
18274,30,1,175.92,175.92
18275,578,2,741.85,370.92
18276,44,6,1656.52,276.09
18277,58,5,1180.05,236.01
18278,74,2,414.2,207.1
18279,519,1,231.34,231.34
18280,278,2,488.15,244.08
18281,181,2,201.14,100.57
18282,8,2,178.05,89.02
18283,4,22,2736.65,124.39
18284,432,1,461.68,461.68
18285,661,1,427.0,427.0
18286,477,2,1296.43,648.22
18287,43,7,4182.99,597.57
